REPLACE INTO `rvs_category` (`rvs_category_id`, `category_name`, `category_sh_name`) VALUES ('23', 'Import Template', 'it');
REPLACE INTO `rvs_charset` (`charset_id`, `charset_name`, `charset_value`, `xml_lang`) VALUES ('36', 'portuguese', 'iso-8859-1', 'pt');
REPLACE INTO `rvs_color` (`color_id`, `color_name`, `color_code`) VALUES ('38', 'Gold', 'FFD700');
REPLACE INTO `rvs_color_group` (`color_group_id`, `color_id`) VALUES ('6', '38');
REPLACE INTO `rvs_color_group_name` (`color_group_id`, `default_color_id`) VALUES ('6', '38');
REPLACE INTO `rvs_component` (`rvs_component_id`, `component_name`, `rvs_owner_usr_id`, `use_wysiwyg`) VALUES ('3694c8ee2bdd9d1bc1a2d2c45b2a7913', 'Online_Form', '84a1418dc13ada1fa6e10216f6236695', '1');
REPLACE INTO `rvs_component_config` (`rvs_component_id`, `component_config`, `component_value`) VALUES ('3694c8ee2bdd9d1bc1a2d2c45b2a7913', 'active', '1');
REPLACE INTO `rvs_component_config` (`rvs_component_id`, `component_config`, `component_value`) VALUES ('3694c8ee2bdd9d1bc1a2d2c45b2a7913', 'isResellerConfig', '1');
REPLACE INTO `rvs_font` (`font_id`, `font_name`) VALUES ('12', 'Verdana');
REPLACE INTO `rvs_layout_template` (`layout_template_id`, `layout_template_name`, `layout_template_data`, `layout_template_desc`, `layout_template_preview`, `layout_template_head`, `layout_group_id`) VALUES ('80aafd719a9709f99c9e2e64973317c4', 'General style 16', '<!-- ####### LAYOUT CSS: MODIFY COLOR, FONT AND BOX SIZE HERE BUT DO NOT DELETE. ####### -->\r\n\r\n<style type=\"text/css\">\r\n.type16head{\r\n		font-size:110%; \r\n		font-weight:bold; \r\n		color:#6E8869; \r\n		padding:3px 8px 7px 8px;\r\n} \r\n.type16subhead{\r\n		font-weight:bold; \r\n		color:#6E8869;\r\n} \r\n.type16padbullet{\r\n		padding: 5px 3px 3px 3px; \r\n		text-align:center;\r\n} \r\n.type16padtbl{padding:10px 10px;}\r\n.type16padlr{\r\n		margin:0px 8px;\r\n		border-top:dashed #7D7D7D 1px;\r\n}\r\n.type16padquote{padding:0px 10px;}\r\n.type16pararight{\r\n		padding:10px 10px;\r\n}\r\n.type16border01{\r\n		border:#93AC8E solid 1px; \r\n		color:#FFFFFF;\r\n}	\r\n.type16border02{\r\n		border:#FFFFFF solid 1px; \r\n		background-color:#A5BCA1;\r\n		padding:20px;\r\n}\r\n.type16btb01{border:#CADAC6 solid 1px;}	\r\n.type16btb02{\r\n		border:#FFFFFF solid 1px; \r\n		background-color:#CADAC6;\r\n}\r\n.type16lineshadow_t{background-image:url(images/lineshadow_t.gif);}\r\n.type16lineshadow_b{background-image:url(images/lineshadow_b.gif);}\r\n.type16bdrimg{ border:#FFFFFF solid 1px;}\r\n</style>\r\n<!-- ########################### END CSS LAYOUT ###########################  -->\r\n<table cellpadding=\"5\" cellspacing=\"0\" width=\"100%\" class=\"type16btb01\" >\r\n	<tr>\r\n		<td valign=\"top\">\r\n			<table cellpadding=\"0\" cellspacing=\"5\">\r\n			  <tr>\r\n				<td align=\"left\" valign=\"top\">\r\n					<table cellpadding=\"0\" cellspacing=\"0\" width=\"100%\">\r\n						<tr>\r\n							<td align=\"left\" valign=\"top\">\r\n								<table cellpadding=\"0\" cellspacing=\"0\" width=\"100%\">\r\n									<tr><td align=\"left\" colspan=\"6\" class=\"type16head\">Europan lingues </td>\r\n									</tr>\r\n									<tr>\r\n										<td valign=\"top\" width=\"33%\">\r\n											<table cellpadding=\"3\" cellspacing=\"0\" width=\"100%\">\r\n												<tr>\r\n													<td colspan=\"2\" valign=\"top\" align=\"left\"><img src=\"images/150x50.gif\" alt=\"\" width=\"150\" height=\"50\" border=\"1\" class=\"type16bdrimg\" /></td>\r\n												</tr>\r\n												<tr>\r\n												  <td class=\"type16padbullet\" valign=\"top\"><img src=\"images/bullet.gif\" alt=\"\" width=\"9\" height=\"9\" /></td>\r\n												  <td align=\"left\" valign=\"top\">Olypian quarrels et gorilla congolium sic ad nauseum. <br /><br /></td>\r\n												</tr>\r\n												<tr>\r\n													<td class=\"type16padbullet\" valign=\"top\"><img src=\"images/bullet.gif\" alt=\"\" width=\"9\" height=\"9\" /></td>\r\n													<td align=\"left\" valign=\"top\">Olypian quarrels et gorilla congolium sic ad nauseum.<br /><br /> </td>\r\n												</tr>\r\n												<tr>\r\n													<td class=\"type16padbullet\" valign=\"top\"><img src=\"images/bullet.gif\" alt=\"\" width=\"9\" height=\"9\" /></td>\r\n													<td align=\"left\" valign=\"top\">Olypian quarrels et gorilla congolium sic ad nauseum.<br /><br /> </td>\r\n												</tr>\r\n											</table>\r\n										</td>\r\n										\r\n										<td class=\"type16linetd\"><img src=\"images/spacer.gif\" alt=\"\" width=\"2\" height=\"1\" /></td>\r\n										\r\n										<td valign=\"top\" width=\"34%\">\r\n											<table cellpadding=\"3\" cellspacing=\"0\" width=\"100%\">\r\n												<tr>\r\n													<td colspan=\"2\" valign=\"top\" align=\"left\"><img src=\"images/150x50.gif\" alt=\"\" width=\"150\" height=\"50\" border=\"1\" class=\"type16bdrimg\" /></td>\r\n												</tr>\r\n												<tr>\r\n												  <td class=\"type16padbullet\" valign=\"top\"><img src=\"images/bullet.gif\" alt=\"\" width=\"9\" height=\"9\" /></td>\r\n												  <td align=\"left\" valign=\"top\">Olypian quarrels et gorilla congolium sic ad nauseum. <br /><br /></td>\r\n												</tr>\r\n												<tr>\r\n													<td class=\"type16padbullet\" valign=\"top\"><img src=\"images/bullet.gif\" alt=\"\" width=\"9\" height=\"9\" /></td>\r\n													<td align=\"left\" valign=\"top\">Olypian quarrels et gorilla congolium sic ad nauseum.<br /><br /> </td>\r\n												</tr>\r\n												<tr>\r\n													<td class=\"type16padbullet\" valign=\"top\"><img src=\"images/bullet.gif\" alt=\"\" width=\"9\" height=\"9\" /></td>\r\n													<td align=\"left\" valign=\"top\">Olypian quarrels et gorilla congolium sic ad nauseum.<br /><br /> </td>\r\n												</tr>\r\n											</table>\r\n										</td>\r\n										\r\n										<td class=\"type16linetd\"><img src=\"images/spacer.gif\" alt=\"\" width=\"2\" height=\"1\" /></td>\r\n										\r\n										<td valign=\"top\" width=\"33%\">\r\n											<table cellpadding=\"3\" cellspacing=\"0\" width=\"100%\">\r\n												<tr>\r\n													<td colspan=\"2\" valign=\"top\" align=\"left\"><img src=\"images/150x50.gif\" alt=\"\" width=\"150\" height=\"50\" border=\"1\" class=\"type16bdrimg\" /></td>\r\n												</tr>\r\n												<tr>\r\n												  <td class=\"type16padbullet\" valign=\"top\"><img src=\"images/bullet.gif\" alt=\"\" width=\"9\" height=\"9\" /></td>\r\n												  <td align=\"left\" valign=\"top\">Olypian quarrels et gorilla congolium sic ad nauseum. <br /><br /></td>\r\n												</tr>\r\n												<tr>\r\n													<td class=\"type16padbullet\" valign=\"top\"><img src=\"images/bullet.gif\" alt=\"\" width=\"9\" height=\"9\" /></td>\r\n													<td align=\"left\" valign=\"top\">Olypian quarrels et gorilla congolium sic ad nauseum.<br /><br /> </td>\r\n												</tr>\r\n												<tr>\r\n													<td class=\"type16padbullet\" valign=\"top\"><img src=\"images/bullet.gif\" alt=\"\" width=\"9\" height=\"9\" /></td>\r\n													<td align=\"left\" valign=\"top\">Olypian quarrels et gorilla congolium sic ad nauseum.<br /><br /> </td>\r\n												</tr>\r\n											</table>\r\n										</td>\r\n									</tr>\r\n								</table>\r\n							</td>\r\n						</tr>\r\n						<tr>\r\n							<td valign=\"top\" align=\"center\" class=\"type16padtbl\">\r\n								<table cellpadding=\"0\" cellspacing=\"0\" width=\"100%\" class=\"type16border01\">\r\n									<tr>\r\n										<td class=\"type16border02\">\r\n										<div align=\"left\">\r\n											<div><img src=\"images/quote01.gif\" alt=\"\" width=\"15\" height=\"14\" align=\"absbottom\" /></div>\r\n											<div class=\"type16padquote\">pro quo hic escorol. Olypian quarrels et gorilla congolium sic ad nauseum. Souvlaki ignitus carborundum e pluribus unum. Defacto lingo est igpay atinlay. Marquee selectus non provisio incongruous feline nolo contendre. Gratuitous octopus niacin, sodium glutimate.</div>														\r\n											<div align=\"right\"><img src=\"images/quote02.gif\" alt=\"\" width=\"15\" height=\"14\" /></div>\r\n										</div>							\r\n										</td>\r\n									</tr> \r\n								</table>\r\n							</td>\r\n						</tr>\r\n					</table>\r\n				</td>\r\n				<td valign=\"top\" width=\"25%\">\r\n					<table cellpadding=\"0\" cellspacing=\"0\" width=\"100%\" bgcolor=\"#FFFFFF\">\r\n						<tr><td class=\"type16lineshadow_t\"><img src=\"images/spacer.gif\" alt=\"\" width=\"1\" height=\"6\" /></td></tr>\r\n						<tr>\r\n							<td align=\"left\" valign=\"top\" class=\"type16head\">Olypian quarrels</td>\r\n						</tr>\r\n						<tr>\r\n							<td align=\"left\" valign=\"top\">\r\n							<div class=\"type16padlr\">\r\n								<div class=\"type16subhead\"> <img src=\"images/bullet.gif\" alt=\"\" width=\"9\" height=\"9\" /> 03/05/07</div>\r\n								<div class=\"type16pararight\">\r\n									<span class=\"type16subhead\">Pro quo hic escorol.</span>\r\n									<span> Olypian quarrels et gorilla congolium sic ad nauseum.</span>\r\n								</div>\r\n							</div> \r\n							</td>\r\n						</tr>\r\n						<tr>\r\n							<td align=\"left\" valign=\"top\">\r\n							<div class=\"type16padlr\">\r\n								<div class=\"type16subhead\"> <img src=\"images/bullet.gif\" alt=\"\" width=\"9\" height=\"9\" /> 03/05/07</div>\r\n								<div class=\"type16pararight\">\r\n									<span class=\"type16subhead\">Pro quo hic escorol.</span>\r\n									<span> Olypian quarrels et gorilla congolium sic ad nauseum.</span>\r\n								</div>\r\n							</div> \r\n							</td>\r\n						</tr>\r\n						<tr>\r\n							<td align=\"left\" valign=\"top\">\r\n							<div class=\"type16padlr\">\r\n								<div class=\"type16subhead\"> <img src=\"images/bullet.gif\" alt=\"\" width=\"9\" height=\"9\" /> 03/05/07</div>\r\n								<div class=\"type16pararight\">\r\n									<span class=\"type16subhead\">Pro quo hic escorol.</span>\r\n									<span> Olypian quarrels et gorilla congolium sic ad nauseum.</span>\r\n								</div>\r\n							</div> \r\n							</td>\r\n						</tr>\r\n						<tr><td class=\"type16lineshadow_b\"><img src=\"images/spacer.gif\" alt=\"\" width=\"1\" height=\"5\" /></td></tr>\r\n					</table>\r\n				</td>\r\n			  </tr>\r\n			</table>\r\n		</td>\r\n	</tr>\r\n</table>', '', 'b_layout16.jpg', '', '3');
REPLACE INTO `rvs_layout_group` (`layout_group_id`, `layout_group_name`, `layout_category_id`) VALUES ('3', 'general style', '1');
REPLACE INTO `rvs_navigator_name` (`navigator_name_id`, `navigator_name`) VALUES ('2', 'h_arrow');
REPLACE INTO `rvs_navigator` (`navigator_id`, `menustyle_id`, `navigator_name_id`) VALUES ('111', '2', '1');
REPLACE INTO `forms` (`id`, `username`, `title`, `height`, `status`) VALUES ('fc0a7074f20d6dc7a855cf760ec14ada', 'fe1848df50569f1b5c134ef666ae8a06', 'contact us', '40', 'Enabled');
REPLACE INTO `questions` (`form_id`, `id`, `order`, `type`) VALUES ('fc0a7074f20d6dc7a855cf760ec14ada', '0', '1', 'control_textbox');
REPLACE INTO `questions` (`form_id`, `id`, `order`, `type`) VALUES ('fc0a7074f20d6dc7a855cf760ec14ada', '1', '2', 'control_textbox');
REPLACE INTO `questions` (`form_id`, `id`, `order`, `type`) VALUES ('fc0a7074f20d6dc7a855cf760ec14ada', '2', '3', 'control_textbox');
REPLACE INTO `questions` (`form_id`, `id`, `order`, `type`) VALUES ('fc0a7074f20d6dc7a855cf760ec14ada', '7', '5', 'control_textarea');
REPLACE INTO `questions` (`form_id`, `id`, `order`, `type`) VALUES ('fc0a7074f20d6dc7a855cf760ec14ada', '8', '6', 'control_button');
REPLACE INTO `questions` (`form_id`, `id`, `order`, `type`) VALUES ('fc0a7074f20d6dc7a855cf760ec14ada', '12', '4', 'control_textbox');
REPLACE INTO `question_properties` (`form_id`, `question_id`, `prop`, `value`) VALUES ('fc0a7074f20d6dc7a855cf760ec14ada', '0', 'desc', '');
REPLACE INTO `question_properties` (`form_id`, `question_id`, `prop`, `value`) VALUES ('fc0a7074f20d6dc7a855cf760ec14ada', '0', 'maxsize', '100');
REPLACE INTO `question_properties` (`form_id`, `question_id`, `prop`, `value`) VALUES ('fc0a7074f20d6dc7a855cf760ec14ada', '0', 'required', 'yes');
REPLACE INTO `question_properties` (`form_id`, `question_id`, `prop`, `value`) VALUES ('fc0a7074f20d6dc7a855cf760ec14ada', '0', 'size', '20');
REPLACE INTO `question_properties` (`form_id`, `question_id`, `prop`, `value`) VALUES ('fc0a7074f20d6dc7a855cf760ec14ada', '0', 'text', 'First Name');
REPLACE INTO `question_properties` (`form_id`, `question_id`, `prop`, `value`) VALUES ('fc0a7074f20d6dc7a855cf760ec14ada', '0', 'validation', 'no');
REPLACE INTO `question_properties` (`form_id`, `question_id`, `prop`, `value`) VALUES ('fc0a7074f20d6dc7a855cf760ec14ada', '1', 'desc', '');
REPLACE INTO `question_properties` (`form_id`, `question_id`, `prop`, `value`) VALUES ('fc0a7074f20d6dc7a855cf760ec14ada', '1', 'maxsize', '100');
REPLACE INTO `question_properties` (`form_id`, `question_id`, `prop`, `value`) VALUES ('fc0a7074f20d6dc7a855cf760ec14ada', '1', 'required', 'yes');
REPLACE INTO `question_properties` (`form_id`, `question_id`, `prop`, `value`) VALUES ('fc0a7074f20d6dc7a855cf760ec14ada', '1', 'size', '20');
REPLACE INTO `question_properties` (`form_id`, `question_id`, `prop`, `value`) VALUES ('fc0a7074f20d6dc7a855cf760ec14ada', '1', 'text', 'Last Name');
REPLACE INTO `question_properties` (`form_id`, `question_id`, `prop`, `value`) VALUES ('fc0a7074f20d6dc7a855cf760ec14ada', '1', 'validation', 'no');
REPLACE INTO `question_properties` (`form_id`, `question_id`, `prop`, `value`) VALUES ('fc0a7074f20d6dc7a855cf760ec14ada', '2', 'desc', '');
REPLACE INTO `question_properties` (`form_id`, `question_id`, `prop`, `value`) VALUES ('fc0a7074f20d6dc7a855cf760ec14ada', '2', 'maxsize', '100');
REPLACE INTO `question_properties` (`form_id`, `question_id`, `prop`, `value`) VALUES ('fc0a7074f20d6dc7a855cf760ec14ada', '2', 'required', 'yes');
REPLACE INTO `question_properties` (`form_id`, `question_id`, `prop`, `value`) VALUES ('fc0a7074f20d6dc7a855cf760ec14ada', '2', 'size', '20');
REPLACE INTO `question_properties` (`form_id`, `question_id`, `prop`, `value`) VALUES ('fc0a7074f20d6dc7a855cf760ec14ada', '2', 'text', 'E-mail');
REPLACE INTO `question_properties` (`form_id`, `question_id`, `prop`, `value`) VALUES ('fc0a7074f20d6dc7a855cf760ec14ada', '2', 'validation', 'Email');
REPLACE INTO `question_properties` (`form_id`, `question_id`, `prop`, `value`) VALUES ('fc0a7074f20d6dc7a855cf760ec14ada', '7', 'cols', '35');
REPLACE INTO `question_properties` (`form_id`, `question_id`, `prop`, `value`) VALUES ('fc0a7074f20d6dc7a855cf760ec14ada', '7', 'desc', '');
REPLACE INTO `question_properties` (`form_id`, `question_id`, `prop`, `value`) VALUES ('fc0a7074f20d6dc7a855cf760ec14ada', '7', 'required', 'yes');
REPLACE INTO `question_properties` (`form_id`, `question_id`, `prop`, `value`) VALUES ('fc0a7074f20d6dc7a855cf760ec14ada', '7', 'rows', '10');
REPLACE INTO `question_properties` (`form_id`, `question_id`, `prop`, `value`) VALUES ('fc0a7074f20d6dc7a855cf760ec14ada', '7', 'text', 'Your Message');
REPLACE INTO `question_properties` (`form_id`, `question_id`, `prop`, `value`) VALUES ('fc0a7074f20d6dc7a855cf760ec14ada', '7', 'validation', 'no');
REPLACE INTO `question_properties` (`form_id`, `question_id`, `prop`, `value`) VALUES ('fc0a7074f20d6dc7a855cf760ec14ada', '8', 'clear', 'no');
REPLACE INTO `question_properties` (`form_id`, `question_id`, `prop`, `value`) VALUES ('fc0a7074f20d6dc7a855cf760ec14ada', '8', 'submittext', 'Submit');
REPLACE INTO `question_properties` (`form_id`, `question_id`, `prop`, `value`) VALUES ('fc0a7074f20d6dc7a855cf760ec14ada', '8', 'text', '');
REPLACE INTO `question_properties` (`form_id`, `question_id`, `prop`, `value`) VALUES ('fc0a7074f20d6dc7a855cf760ec14ada', '12', 'desc', '');
REPLACE INTO `question_properties` (`form_id`, `question_id`, `prop`, `value`) VALUES ('fc0a7074f20d6dc7a855cf760ec14ada', '12', 'maxsize', '100');
REPLACE INTO `question_properties` (`form_id`, `question_id`, `prop`, `value`) VALUES ('fc0a7074f20d6dc7a855cf760ec14ada', '12', 'required', 'no');
REPLACE INTO `question_properties` (`form_id`, `question_id`, `prop`, `value`) VALUES ('fc0a7074f20d6dc7a855cf760ec14ada', '12', 'size', '20');
REPLACE INTO `question_properties` (`form_id`, `question_id`, `prop`, `value`) VALUES ('fc0a7074f20d6dc7a855cf760ec14ada', '12', 'text', 'Phone');
REPLACE INTO `question_properties` (`form_id`, `question_id`, `prop`, `value`) VALUES ('fc0a7074f20d6dc7a855cf760ec14ada', '12', 'validation', 'no');
REPLACE INTO `question_properties` (`form_id`, `question_id`, `prop`, `value`) VALUES ('fc0a7074f20d6dc7a855cf760ec14ada', '999', 'alignment', 'default');
REPLACE INTO `question_properties` (`form_id`, `question_id`, `prop`, `value`) VALUES ('fc0a7074f20d6dc7a855cf760ec14ada', '999', 'background', 'white');
REPLACE INTO `question_properties` (`form_id`, `question_id`, `prop`, `value`) VALUES ('fc0a7074f20d6dc7a855cf760ec14ada', '999', 'conf_body', 'Thanks for submitting our form, we will get back to you as soon as possible.');
REPLACE INTO `question_properties` (`form_id`, `question_id`, `prop`, `value`) VALUES ('fc0a7074f20d6dc7a855cf760ec14ada', '999', 'conf_send', 'no');
REPLACE INTO `question_properties` (`form_id`, `question_id`, `prop`, `value`) VALUES ('fc0a7074f20d6dc7a855cf760ec14ada', '999', 'conf_subj', 'Submission Received');
REPLACE INTO `question_properties` (`form_id`, `question_id`, `prop`, `value`) VALUES ('fc0a7074f20d6dc7a855cf760ec14ada', '999', 'disabled', 'Enabled');
REPLACE INTO `question_properties` (`form_id`, `question_id`, `prop`, `value`) VALUES ('fc0a7074f20d6dc7a855cf760ec14ada', '999', 'email', 'yes');
REPLACE INTO `question_properties` (`form_id`, `question_id`, `prop`, `value`) VALUES ('fc0a7074f20d6dc7a855cf760ec14ada', '999', 'font', 'Verdana');
REPLACE INTO `question_properties` (`form_id`, `question_id`, `prop`, `value`) VALUES ('fc0a7074f20d6dc7a855cf760ec14ada', '999', 'fontcolor', 'black');
REPLACE INTO `question_properties` (`form_id`, `question_id`, `prop`, `value`) VALUES ('fc0a7074f20d6dc7a855cf760ec14ada', '999', 'fontsize', '12');
REPLACE INTO `question_properties` (`form_id`, `question_id`, `prop`, `value`) VALUES ('fc0a7074f20d6dc7a855cf760ec14ada', '999', 'not_subj', 'New Submission: {qForm Title}');
REPLACE INTO `question_properties` (`form_id`, `question_id`, `prop`, `value`) VALUES ('fc0a7074f20d6dc7a855cf760ec14ada', '999', 'sendpostdata', 'no');
REPLACE INTO `question_properties` (`form_id`, `question_id`, `prop`, `value`) VALUES ('fc0a7074f20d6dc7a855cf760ec14ada', '999', 'spamcheck', 'Enabled');
REPLACE INTO `question_properties` (`form_id`, `question_id`, `prop`, `value`) VALUES ('fc0a7074f20d6dc7a855cf760ec14ada', '999', 'theme', 'Default');
REPLACE INTO `question_utf8` (`form_id`, `utf8format`) VALUES ('fc0a7074f20d6dc7a855cf760ec14ada', '1');
REPLACE INTO `rvs_project_page_out_seggestion` (`project_page_id`, `out_suggestion_id`) VALUES ('12af6eab1926600ee3600383f63d919f', '1');
REPLACE INTO `rvs_project_page_out_seggestion` (`project_page_id`, `out_suggestion_id`) VALUES ('1a04fd2b29507cc70419cbeb5b130284', '');
REPLACE INTO `rvs_project_page_out_seggestion` (`project_page_id`, `out_suggestion_id`) VALUES ('cd35103660f42f9bd14bcd088b9c9f46', '');
REPLACE INTO `rvs_project_page_out_seggestion` (`project_page_id`, `out_suggestion_id`) VALUES ('a9e40b50e1080eda85f47d3748353b2e', '9');
REPLACE INTO `rvs_project_page_out_seggestion` (`project_page_id`, `out_suggestion_id`) VALUES ('d745e5481233f0b1b3a5e13e60a47092', '5');
REPLACE INTO `rvs_out_suggestion` (`out_suggestion_id`, `out_suggestion_name`, `description_keylang`) VALUES ('1', 'Home', 'our suggestion Home description');
REPLACE INTO `rvs_out_suggestion` (`out_suggestion_id`, `out_suggestion_name`, `description_keylang`) VALUES ('9', 'Contact Us@@Online_Form', 'our suggestion Contact Us description');
REPLACE INTO `rvs_out_suggestion` (`out_suggestion_id`, `out_suggestion_name`, `description_keylang`) VALUES ('5', 'Services', 'our suggestion Services description');
REPLACE INTO `rvs_picture` (`picture_id`, `picture_name`) VALUES ('6b746da417530c549a103de1cd6b4c99', 'DiyPicture');
REPLACE INTO `rvs_project` (`project_id`, `project_info_id`, `rvs_usr_id`, `project_name`, `project_directory`, `utf8format`) VALUES ('fe1848df50569f1b5c134ef666ae8a06', 'abfd82f2d225fd20a9b40aba645b640f', '1e70880edca307199aaa74bb44a80571', '2-07', '', '1');
REPLACE INTO `rvs_project_info` (`project_info_id`, `template_item_id`, `font_id`, `navigator_id`, `rvs_category_id`, `charset_id`, `project_company`, `project_slogan`, `project_logo`, `project_title`, `project_keyword`, `project_description`, `project_domain`, `check_step`, `effect_site_enter`, `duration_site_enter`, `last_update`, `layout_template_id`, `i_pathway`, `i_mail`, `i_print`, `i_favorite`, `no_slogan`, `no_company_name`, `navigator_name_id`) VALUES ('abfd82f2d225fd20a9b40aba645b640f', 'c941331e28d7bbc9820e5e80c1772ed0', '12', '43011b9aab35921ec2da1232a9876579', '23', '36', '2-07', '', 'NOPIC', '', '', '', 'digitalfotoimagem.com.br', '4', '22', '4', '1341267644', '80aafd719a9709f99c9e2e64973317c4', '1', '1', '1', '1', '1', '1', '2');
REPLACE INTO `rvs_project_layout_page` (`project_id`, `project_page_id`, `parent_project_page_id`, `priority`) VALUES ('fe1848df50569f1b5c134ef666ae8a06', '12af6eab1926600ee3600383f63d919f', '0', '1');
REPLACE INTO `rvs_project_layout_page` (`project_id`, `project_page_id`, `parent_project_page_id`, `priority`) VALUES ('fe1848df50569f1b5c134ef666ae8a06', '1a04fd2b29507cc70419cbeb5b130284', '0', '2');
REPLACE INTO `rvs_project_layout_page` (`project_id`, `project_page_id`, `parent_project_page_id`, `priority`) VALUES ('fe1848df50569f1b5c134ef666ae8a06', 'cd35103660f42f9bd14bcd088b9c9f46', '0', '3');
REPLACE INTO `rvs_project_layout_page` (`project_id`, `project_page_id`, `parent_project_page_id`, `priority`) VALUES ('fe1848df50569f1b5c134ef666ae8a06', 'a9e40b50e1080eda85f47d3748353b2e', '0', '4');
REPLACE INTO `rvs_project_layout_page` (`project_id`, `project_page_id`, `parent_project_page_id`, `priority`) VALUES ('fe1848df50569f1b5c134ef666ae8a06', 'd745e5481233f0b1b3a5e13e60a47092', '0', '5');
REPLACE INTO `rvs_project_page` (`project_page_id`, `rvs_usr_id`, `page_name`, `custom_page_name`, `rvs_component_id`, `page_data`, `page_data_zone_2`, `page_data_zone_3`, `page_data_zone_4`, `colume_width_1`, `colume_width_2`, `colume_width_3`, `rvs_layout_id`, `head`, `page_title`, `meta_keyword`, `meta_description`, `effect_page_enter`, `duration_page_enter`, `meta_page_effect`, `rvs_link_id`, `target`, `form_template_id`, `i_pathway`, `i_mail`, `i_print`, `i_favorite`, `last_modifier`, `link_active`, `page_type`) VALUES ('12af6eab1926600ee3600383f63d919f', '1e70880edca307199aaa74bb44a80571', 'Início', '', '0', '', NULL, NULL, NULL, NULL, NULL, NULL, '0', '', '', '', '', '22', '3', '\n<meta http-equiv=\"Site-Enter\" content=\"revealTrans(Duration=4,Transition=22)\" />\n<meta http-equiv=\"Page-Enter\" content=\"revealTrans(Duration=3,Transition=22)\" />\n', '', '', '', NULL, NULL, NULL, NULL, NULL, NULL, '');
REPLACE INTO `rvs_project_page` (`project_page_id`, `rvs_usr_id`, `page_name`, `custom_page_name`, `rvs_component_id`, `page_data`, `page_data_zone_2`, `page_data_zone_3`, `page_data_zone_4`, `colume_width_1`, `colume_width_2`, `colume_width_3`, `rvs_layout_id`, `head`, `page_title`, `meta_keyword`, `meta_description`, `effect_page_enter`, `duration_page_enter`, `meta_page_effect`, `rvs_link_id`, `target`, `form_template_id`, `i_pathway`, `i_mail`, `i_print`, `i_favorite`, `last_modifier`, `link_active`, `page_type`) VALUES ('1a04fd2b29507cc70419cbeb5b130284', '1e70880edca307199aaa74bb44a80571', 'eventos', '', '0', '', NULL, NULL, NULL, NULL, NULL, NULL, '0', '', '', '', '', NULL, NULL, '\n<meta http-equiv=\"Site-Enter\" content=\"revealTrans(Duration=4,Transition=22)\" />\n', '', '', '', NULL, NULL, NULL, NULL, NULL, NULL, '');
REPLACE INTO `rvs_project_page` (`project_page_id`, `rvs_usr_id`, `page_name`, `custom_page_name`, `rvs_component_id`, `page_data`, `page_data_zone_2`, `page_data_zone_3`, `page_data_zone_4`, `colume_width_1`, `colume_width_2`, `colume_width_3`, `rvs_layout_id`, `head`, `page_title`, `meta_keyword`, `meta_description`, `effect_page_enter`, `duration_page_enter`, `meta_page_effect`, `rvs_link_id`, `target`, `form_template_id`, `i_pathway`, `i_mail`, `i_print`, `i_favorite`, `last_modifier`, `link_active`, `page_type`) VALUES ('cd35103660f42f9bd14bcd088b9c9f46', '1e70880edca307199aaa74bb44a80571', 'filosofia da empresa', '', '0', '', NULL, NULL, NULL, NULL, NULL, NULL, '0', '', '', '', '', NULL, NULL, '\n<meta http-equiv=\"Site-Enter\" content=\"revealTrans(Duration=4,Transition=22)\" />\n', '', '', '', NULL, NULL, NULL, NULL, NULL, NULL, '');
REPLACE INTO `rvs_project_page` (`project_page_id`, `rvs_usr_id`, `page_name`, `custom_page_name`, `rvs_component_id`, `page_data`, `page_data_zone_2`, `page_data_zone_3`, `page_data_zone_4`, `colume_width_1`, `colume_width_2`, `colume_width_3`, `rvs_layout_id`, `head`, `page_title`, `meta_keyword`, `meta_description`, `effect_page_enter`, `duration_page_enter`, `meta_page_effect`, `rvs_link_id`, `target`, `form_template_id`, `i_pathway`, `i_mail`, `i_print`, `i_favorite`, `last_modifier`, `link_active`, `page_type`) VALUES ('a9e40b50e1080eda85f47d3748353b2e', '1e70880edca307199aaa74bb44a80571', 'Contate-nos', '', '3694c8ee2bdd9d1bc1a2d2c45b2a7913', '<img alt=\"\" class=\"jotForm\" id=\"DragAndDropForm_fc0a7074f20d6dc7a855cf760ec14ada\" name=\"DragAndDropForm_fc0a7074f20d6dc7a855cf760ec14ada\" src=\"/3rdparty/rvsitebuilder/themes/default/sitebuilder/images/spacer.gif\" frmid=\"fc0a7074f20d6dc7a855cf760ec14ada\" formtype=\"jotform\" height=\"600\" width=\"600\" align=\"center\" border=\"1\" /><br/>', NULL, NULL, NULL, NULL, NULL, NULL, '0', '', '', '', '', NULL, NULL, '\n<meta http-equiv=\"Site-Enter\" content=\"revealTrans(Duration=4,Transition=22)\" />\n', '', '', '', NULL, NULL, NULL, NULL, NULL, NULL, '');
REPLACE INTO `rvs_project_page` (`project_page_id`, `rvs_usr_id`, `page_name`, `custom_page_name`, `rvs_component_id`, `page_data`, `page_data_zone_2`, `page_data_zone_3`, `page_data_zone_4`, `colume_width_1`, `colume_width_2`, `colume_width_3`, `rvs_layout_id`, `head`, `page_title`, `meta_keyword`, `meta_description`, `effect_page_enter`, `duration_page_enter`, `meta_page_effect`, `rvs_link_id`, `target`, `form_template_id`, `i_pathway`, `i_mail`, `i_print`, `i_favorite`, `last_modifier`, `link_active`, `page_type`) VALUES ('d745e5481233f0b1b3a5e13e60a47092', '1e70880edca307199aaa74bb44a80571', 'Serviços', '', '0', '', NULL, NULL, NULL, NULL, NULL, NULL, '4', '', '', '', '', NULL, NULL, '\n<meta http-equiv=\"Site-Enter\" content=\"revealTrans(Duration=4,Transition=22)\" />\n', '', '', '', NULL, NULL, NULL, NULL, NULL, NULL, '');
REPLACE INTO `rvs_publish` (`project_id`, `rvs_publish_protocal`, `rvs_publish_domain`, `rvs_publish_path`, `rvs_domain_path`) VALUES ('fe1848df50569f1b5c134ef666ae8a06', 'http', 'digitalfotoimagem.com.br', '/dou1', '');
REPLACE INTO `rvs_template_item` (`template_item_id`, `products_id`, `template_id`, `template_item_folder`, `template_type_s_preview`, `color_id`, `picture_id`) VALUES ('c941331e28d7bbc9820e5e80c1772ed0', '23-988199-1', 'c941331e28d7bbc9820e5e80c1772ed0', '23-988199-1_gold_DiyPicture_2', 'gif', '38', '6b746da417530c549a103de1cd6b4c99');
REPLACE INTO `rvs_template_item_navigator_color` (`template_item_id`, `custom_color_group_id`) VALUES ('c941331e28d7bbc9820e5e80c1772ed0', '6');
REPLACE INTO `rvs_template` (`template_id`, `default_template_item_id`, `default_template_item_id2`, `font_id`, `menustyle_id`, `navigator_id`, `default_layout_id`, `sort_priority`, `cdate`) VALUES ('c941331e28d7bbc9820e5e80c1772ed0', 'c941331e28d7bbc9820e5e80c1772ed0', '', '12', '2', '111', 'a08838f9d3fc73dbac8aca3a170edb5f', '599', '2053908000');
REPLACE INTO `rvs_menustyle` (`menustyle_id`, `menustyle_description`) VALUES ('2', 'horizontal');
REPLACE INTO `rvs_template_categories_xref` (`template_id`, `rvs_category_id`) VALUES ('c941331e28d7bbc9820e5e80c1772ed0', '23');
REPLACE INTO `rvs_template_type_xref` (`template_id`, `template_type_id`) VALUES ('c941331e28d7bbc9820e5e80c1772ed0', '10');
REPLACE INTO `rvs_template_type` (`template_type_id`, `template_type_name`) VALUES ('10', 'DIY Template');
REPLACE INTO `rvs_template_import` (`template_id`, `rvs_usr_id`, `private`) VALUES ('c941331e28d7bbc9820e5e80c1772ed0', '1e70880edca307199aaa74bb44a80571', '1');
REPLACE INTO `rvs_usr` (`rvs_usr_id`, `user_name`) VALUES ('1e70880edca307199aaa74bb44a80571', 'gfotobr');
