REPLACE INTO `rvs_category` (`rvs_category_id`, `category_name`, `category_sh_name`) VALUES ('23', 'Import Template', 'it');
REPLACE INTO `rvs_charset` (`charset_id`, `charset_name`, `charset_value`, `xml_lang`) VALUES ('36', 'portuguese', 'iso-8859-1', 'pt');
REPLACE INTO `rvs_color` (`color_id`, `color_name`, `color_code`) VALUES ('30', 'Beige', 'F5F5DC');
REPLACE INTO `rvs_color_group` (`color_group_id`, `color_id`) VALUES ('5', '30');
REPLACE INTO `rvs_color_group_name` (`color_group_id`, `default_color_id`) VALUES ('5', '30');
REPLACE INTO `rvs_font` (`font_id`, `font_name`) VALUES ('12', 'Verdana');
REPLACE INTO `rvs_layout_template` (`layout_template_id`, `layout_template_name`, `layout_template_data`, `layout_template_desc`, `layout_template_preview`, `layout_template_head`, `layout_group_id`) VALUES ('10707e258bbbed8d5c3fb9779f829a39', 'Commerce style 1', '<!-- ####### LAYOUT CSS: MODIFY COLOR, FONT AND BOX SIZE HERE BUT DO NOT DELETE. ####### -->\r\n\r\n<style type=\"text/css\">\r\n.ftype01head{\r\n	color:#165582;\r\n	font-size:110%;\r\n	font-weight:bold;\r\n	padding:15px 5px 5px 3px;\r\n}\r\n.ftype01subhead{\r\n	font-size:110%;\r\n	font-weight:bold;\r\n	padding:5px 5px 5px 6px;\r\n}\r\n.ftype01subpad{padding:7px 5px 3px 5px;}\r\n.ftype01line{ background-color:C2C2C2;}\r\n.ftype01subline{ border-bottom:#C2C2C2 solid 1px;\r\n}\r\n.ftype01tab{background-image:url(images/tab.gif);\r\n	color:#7C7064;\r\n	font-size:110%;\r\n	font-weight:bold;\r\n	padding:3px 10px 3px 20px;\r\n}\r\n</style>\r\n<!-- ########################### END CSS LAYOUT ###########################  -->\r\n<table cellpadding=\"0\" cellspacing=\"0\" id=\"rv_template_layout\">\r\n		<tr>\r\n			<td align=\"left\" valign=\"top\">\r\n				<table cellpadding=\"5\" cellspacing=\"0\" width=\"100%\">\r\n					<tr>\r\n						<td align=\"left\" valign=\"top\">\r\n							<table cellpadding=\"5\" cellspacing=\"0\" width=\"100%\">\r\n							  <tr><td colspan=\"2\" class=\"ftype01tab\">Europan lingues</td></tr>\r\n							  <tr><td colspan=\"2\" height=\"15\"></td></tr>\r\n							  <tr><td valign=\"top\"><img src=\"images/80x80.gif\" alt=\"\" width=\"80\" height=\"80\" /></td>\r\n							  <td>Europan lingues</td></tr>\r\n							  <tr><td colspan=\"2\" height=\"15\"></td></tr>\r\n							</table>\r\n						</td>\r\n						<td align=\"left\" valign=\"top\">\r\n							<table cellpadding=\"5\" cellspacing=\"0\" width=\"100%\">\r\n							  <tr><td colspan=\"2\" class=\"ftype01tab\">Europan lingues</td></tr>\r\n							  <tr><td colspan=\"2\" height=\"15\"></td></tr>\r\n							  <tr><td valign=\"top\"><img src=\"images/80x80.gif\" alt=\"\" width=\"80\" height=\"80\" /></td>\r\n							  <td>Europan lingues</td></tr>\r\n							  <tr><td colspan=\"2\" height=\"15\"></td></tr>\r\n							</table>\r\n						</td>\r\n					</tr>\r\n					<tr>\r\n						<td align=\"left\" valign=\"top\">\r\n							<table cellpadding=\"5\" cellspacing=\"0\" width=\"100%\">\r\n							  <tr><td colspan=\"2\" class=\"ftype01tab\">Europan lingues</td></tr>\r\n							  <tr><td colspan=\"2\" height=\"15\"></td></tr>\r\n							  <tr><td valign=\"top\"><img src=\"images/80x80.gif\" alt=\"\" width=\"80\" height=\"80\" /></td>\r\n							  <td>Europan lingues</td></tr>\r\n							  <tr><td colspan=\"2\" height=\"15\"></td></tr>\r\n							</table>\r\n						</td>\r\n						<td align=\"left\" valign=\"top\">\r\n							<table cellpadding=\"5\" cellspacing=\"0\" width=\"100%\">\r\n							  <tr><td colspan=\"2\" class=\"ftype01tab\">Europan lingues</td></tr>\r\n							  <tr><td colspan=\"2\" height=\"15\"></td></tr>\r\n							  <tr><td valign=\"top\"><img src=\"images/80x80.gif\" alt=\"\" width=\"80\" height=\"80\" /></td>\r\n							  <td>Europan lingues</td></tr>\r\n							  <tr><td colspan=\"2\" height=\"15\"></td></tr>\r\n							</table>\r\n						</td>\r\n					</tr>\r\n					<tr><td colspan=\"2\"><hr width=\"100%\" /></td></tr>\r\n					<tr><td colspan=\"2\" align=\"left\" valign=\"top\">Lorem ipsum dolor sit amet, consetetur sadipscing elitr, sed diam nonumy eirmod tempor invidunt ut labore et dolore magna aliquyam erat, sed diam voluptua. At vero eos et accusam et justo duo dolores et ea rebum.</td></tr>\r\n				</table>\r\n			</td>\r\n			<td valign=\"top\" width=\"20%\">\r\n				<table cellpadding=\"2\" cellspacing=\"3\" width=\"100%\">\r\n					<tr>\r\n						<td valign=\"top\" colspan=\"2\"><img src=\"images/180x60.gif\" alt=\"\" width=\"180\" height=\"60\" /></td>\r\n					</tr>\r\n					<tr><td valign=\"top\" class=\"ftype01subhead\" colspan=\"2\">Europan lingues es membres</td></tr>\r\n					<tr>\r\n						<td valign=\"top\" class=\"ftype01subpad\"><img src=\"images/bullet.gif\" alt=\"\" width=\"4\" height=\"6\" /></td>\r\n						<td valign=\"top\" class=\"ftype01subline\" width=\"99%\">pro quo hic escorol.</td>\r\n					</tr>\r\n					<tr>\r\n						<td valign=\"top\" class=\"ftype01subpad\"><img src=\"images/bullet.gif\" alt=\"\" width=\"4\" height=\"6\" /></td>\r\n						<td valign=\"top\" class=\"ftype01subline\" width=\"99%\">pro quo hic escorol.</td>\r\n					</tr>\r\n					<tr>\r\n						<td valign=\"top\" class=\"ftype01subpad\"><img src=\"images/bullet.gif\" alt=\"\" width=\"4\" height=\"6\" /></td>\r\n						<td valign=\"top\" class=\"ftype01subline\" width=\"99%\">pro quo hic escorol.</td>\r\n					</tr>\r\n					<tr>\r\n						<td>&nbsp;</td>\r\n						<td>&nbsp;</td>\r\n					</tr>\r\n					<tr><td colspan=\"2\"><hr width=\"100%\" /></td></tr>\r\n					<tr><td valign=\"top\" class=\"ftype01subhead\" colspan=\"2\">Europan lingues es membres</td></tr>\r\n					<tr>\r\n						<td valign=\"top\" class=\"ftype01subpad\"><img src=\"images/bullet.gif\" alt=\"\" width=\"4\" height=\"6\" /></td>\r\n						<td valign=\"top\" class=\"ftype01subline\" width=\"99%\">pro quo hic escorol.</td>\r\n					</tr>\r\n					<tr>\r\n						<td valign=\"top\" class=\"ftype01subpad\"><img src=\"images/bullet.gif\" alt=\"\" width=\"4\" height=\"6\" /></td>\r\n						<td valign=\"top\" class=\"ftype01subline\" width=\"99%\">pro quo hic escorol.</td>\r\n					</tr>\r\n					<tr>\r\n						<td valign=\"top\" class=\"ftype01subpad\"><img src=\"images/bullet.gif\" alt=\"\" width=\"4\" height=\"6\" /></td>\r\n						<td valign=\"top\" class=\"ftype01subline\" width=\"99%\">pro quo hic escorol.</td>\r\n					</tr>\r\n					<tr>\r\n						<td>&nbsp;</td>\r\n						<td>&nbsp;</td>\r\n					</tr>\r\n					<tr><td colspan=\"2\"><hr width=\"100%\" /></td></tr>\r\n			  </table>\r\n			</td>\r\n		</tr>\r\n</table>', '', 'b_layoutCom01.jpg', '', '1');
REPLACE INTO `rvs_layout_group` (`layout_group_id`, `layout_group_name`, `layout_category_id`) VALUES ('1', 'commerce style', '1');
REPLACE INTO `rvs_navigator_name` (`navigator_name_id`, `navigator_name`) VALUES ('9', 'h_tab_middle');
REPLACE INTO `rvs_navigator` (`navigator_id`, `menustyle_id`, `navigator_name_id`) VALUES ('89', '2', '1');
REPLACE INTO `rvs_project_page_out_seggestion` (`project_page_id`, `out_suggestion_id`) VALUES ('65e01de0dcb3a1c86e6969da6105bc11', '1');
REPLACE INTO `rvs_project_page_out_seggestion` (`project_page_id`, `out_suggestion_id`) VALUES ('2e8e7e46187a7ef5bfe17c7acb0a6d2e', '');
REPLACE INTO `rvs_project_page_out_seggestion` (`project_page_id`, `out_suggestion_id`) VALUES ('925fdae7f8a50f3a0ff7a497908dce44', '');
REPLACE INTO `rvs_project_page_out_seggestion` (`project_page_id`, `out_suggestion_id`) VALUES ('e400c63508b0755826387ac7e969dbc8', '');
REPLACE INTO `rvs_project_page_out_seggestion` (`project_page_id`, `out_suggestion_id`) VALUES ('e94bc26334a0bc14150aa56df6961a08', '');
REPLACE INTO `rvs_out_suggestion` (`out_suggestion_id`, `out_suggestion_name`, `description_keylang`) VALUES ('1', 'Home', 'our suggestion Home description');
REPLACE INTO `rvs_picture` (`picture_id`, `picture_name`) VALUES ('6b746da417530c549a103de1cd6b4c99', 'DiyPicture');
REPLACE INTO `rvs_project` (`project_id`, `project_info_id`, `rvs_usr_id`, `project_name`, `project_directory`, `utf8format`) VALUES ('f8bf5e95a0abb12af6c1b15e27fe8e6e', '1f039c3b8a74177fa44776b1e6276c10', '1e70880edca307199aaa74bb44a80571', 'Unieventos', '', '1');
REPLACE INTO `rvs_project_info` (`project_info_id`, `template_item_id`, `font_id`, `navigator_id`, `rvs_category_id`, `charset_id`, `project_company`, `project_slogan`, `project_logo`, `project_title`, `project_keyword`, `project_description`, `project_domain`, `check_step`, `effect_site_enter`, `duration_site_enter`, `last_update`, `layout_template_id`, `i_pathway`, `i_mail`, `i_print`, `i_favorite`, `no_slogan`, `no_company_name`, `navigator_name_id`) VALUES ('1f039c3b8a74177fa44776b1e6276c10', '30d0729a240809badfd193ddec02ff75', '12', '4860b19d6985a20eeed46f7d4bf45fa2', '23', '36', 'Unieventos', '', 'NOPIC', 'Eventos', '', '', 'digitalfotoimagem.com.br', '4', '22', '3', '1340132179', '10707e258bbbed8d5c3fb9779f829a39', '1', '1', '1', '1', '1', '1', '9');
REPLACE INTO `rvs_project_layout_page` (`project_id`, `project_page_id`, `parent_project_page_id`, `priority`) VALUES ('f8bf5e95a0abb12af6c1b15e27fe8e6e', '65e01de0dcb3a1c86e6969da6105bc11', '0', '1');
REPLACE INTO `rvs_project_layout_page` (`project_id`, `project_page_id`, `parent_project_page_id`, `priority`) VALUES ('f8bf5e95a0abb12af6c1b15e27fe8e6e', '2e8e7e46187a7ef5bfe17c7acb0a6d2e', '0', '3');
REPLACE INTO `rvs_project_layout_page` (`project_id`, `project_page_id`, `parent_project_page_id`, `priority`) VALUES ('f8bf5e95a0abb12af6c1b15e27fe8e6e', '925fdae7f8a50f3a0ff7a497908dce44', '0', '2');
REPLACE INTO `rvs_project_layout_page` (`project_id`, `project_page_id`, `parent_project_page_id`, `priority`) VALUES ('f8bf5e95a0abb12af6c1b15e27fe8e6e', 'e400c63508b0755826387ac7e969dbc8', '0', '4');
REPLACE INTO `rvs_project_layout_page` (`project_id`, `project_page_id`, `parent_project_page_id`, `priority`) VALUES ('f8bf5e95a0abb12af6c1b15e27fe8e6e', 'e94bc26334a0bc14150aa56df6961a08', '0', '5');
REPLACE INTO `rvs_project_page` (`project_page_id`, `rvs_usr_id`, `page_name`, `custom_page_name`, `rvs_component_id`, `page_data`, `page_data_zone_2`, `page_data_zone_3`, `page_data_zone_4`, `colume_width_1`, `colume_width_2`, `colume_width_3`, `rvs_layout_id`, `head`, `page_title`, `meta_keyword`, `meta_description`, `effect_page_enter`, `duration_page_enter`, `meta_page_effect`, `rvs_link_id`, `target`, `form_template_id`, `i_pathway`, `i_mail`, `i_print`, `i_favorite`, `last_modifier`, `link_active`, `page_type`) VALUES ('65e01de0dcb3a1c86e6969da6105bc11', '1e70880edca307199aaa74bb44a80571', 'Início', '', '0', '', NULL, NULL, NULL, NULL, NULL, NULL, '0', '', '', '', '', '22', '3', '\n<meta http-equiv=\"Site-Enter\" content=\"revealTrans(Duration=3,Transition=22)\" />\n<meta http-equiv=\"Page-Enter\" content=\"revealTrans(Duration=3,Transition=22)\" />\n', '', '', '', NULL, NULL, NULL, NULL, NULL, NULL, '');
REPLACE INTO `rvs_project_page` (`project_page_id`, `rvs_usr_id`, `page_name`, `custom_page_name`, `rvs_component_id`, `page_data`, `page_data_zone_2`, `page_data_zone_3`, `page_data_zone_4`, `colume_width_1`, `colume_width_2`, `colume_width_3`, `rvs_layout_id`, `head`, `page_title`, `meta_keyword`, `meta_description`, `effect_page_enter`, `duration_page_enter`, `meta_page_effect`, `rvs_link_id`, `target`, `form_template_id`, `i_pathway`, `i_mail`, `i_print`, `i_favorite`, `last_modifier`, `link_active`, `page_type`) VALUES ('2e8e7e46187a7ef5bfe17c7acb0a6d2e', '1e70880edca307199aaa74bb44a80571', 'Filosofia da Empresa', '', '0', '', NULL, NULL, NULL, NULL, NULL, NULL, '0', '', '', '', '', NULL, NULL, '\n<meta http-equiv=\"Site-Enter\" content=\"revealTrans(Duration=3,Transition=22)\" />\n', '', '', '', NULL, NULL, NULL, NULL, NULL, NULL, '');
REPLACE INTO `rvs_project_page` (`project_page_id`, `rvs_usr_id`, `page_name`, `custom_page_name`, `rvs_component_id`, `page_data`, `page_data_zone_2`, `page_data_zone_3`, `page_data_zone_4`, `colume_width_1`, `colume_width_2`, `colume_width_3`, `rvs_layout_id`, `head`, `page_title`, `meta_keyword`, `meta_description`, `effect_page_enter`, `duration_page_enter`, `meta_page_effect`, `rvs_link_id`, `target`, `form_template_id`, `i_pathway`, `i_mail`, `i_print`, `i_favorite`, `last_modifier`, `link_active`, `page_type`) VALUES ('925fdae7f8a50f3a0ff7a497908dce44', '1e70880edca307199aaa74bb44a80571', 'Eventos Realizados', '', '0', '', NULL, NULL, NULL, NULL, NULL, NULL, '0', '', '', '', '', NULL, NULL, '\n<meta http-equiv=\"Site-Enter\" content=\"revealTrans(Duration=3,Transition=22)\" />\n', '', '', '', NULL, NULL, NULL, NULL, NULL, NULL, '');
REPLACE INTO `rvs_project_page` (`project_page_id`, `rvs_usr_id`, `page_name`, `custom_page_name`, `rvs_component_id`, `page_data`, `page_data_zone_2`, `page_data_zone_3`, `page_data_zone_4`, `colume_width_1`, `colume_width_2`, `colume_width_3`, `rvs_layout_id`, `head`, `page_title`, `meta_keyword`, `meta_description`, `effect_page_enter`, `duration_page_enter`, `meta_page_effect`, `rvs_link_id`, `target`, `form_template_id`, `i_pathway`, `i_mail`, `i_print`, `i_favorite`, `last_modifier`, `link_active`, `page_type`) VALUES ('e400c63508b0755826387ac7e969dbc8', '1e70880edca307199aaa74bb44a80571', 'Serviços', '', '0', '', NULL, NULL, NULL, NULL, NULL, NULL, '0', '', '', '', '', NULL, NULL, '\n<meta http-equiv=\"Site-Enter\" content=\"revealTrans(Duration=3,Transition=22)\" />\n', '', '', '', NULL, NULL, NULL, NULL, NULL, NULL, '');
REPLACE INTO `rvs_project_page` (`project_page_id`, `rvs_usr_id`, `page_name`, `custom_page_name`, `rvs_component_id`, `page_data`, `page_data_zone_2`, `page_data_zone_3`, `page_data_zone_4`, `colume_width_1`, `colume_width_2`, `colume_width_3`, `rvs_layout_id`, `head`, `page_title`, `meta_keyword`, `meta_description`, `effect_page_enter`, `duration_page_enter`, `meta_page_effect`, `rvs_link_id`, `target`, `form_template_id`, `i_pathway`, `i_mail`, `i_print`, `i_favorite`, `last_modifier`, `link_active`, `page_type`) VALUES ('e94bc26334a0bc14150aa56df6961a08', '1e70880edca307199aaa74bb44a80571', 'Contato', '', '0', '', NULL, NULL, NULL, NULL, NULL, NULL, '0', '', '', '', '', NULL, NULL, '\n<meta http-equiv=\"Site-Enter\" content=\"revealTrans(Duration=3,Transition=22)\" />\n', '', '', '', NULL, NULL, NULL, NULL, NULL, NULL, '');
REPLACE INTO `rvs_publish` (`project_id`, `rvs_publish_protocal`, `rvs_publish_domain`, `rvs_publish_path`, `rvs_domain_path`) VALUES ('f8bf5e95a0abb12af6c1b15e27fe8e6e', 'http', 'digitalfotoimagem.com.br', '/dou6', '');
REPLACE INTO `rvs_template_item` (`template_item_id`, `products_id`, `template_id`, `template_item_folder`, `template_type_s_preview`, `color_id`, `picture_id`) VALUES ('30d0729a240809badfd193ddec02ff75', '23-467411-1', '30d0729a240809badfd193ddec02ff75', '23-467411-1_beige_DiyPicture_2', 'gif', '30', '6b746da417530c549a103de1cd6b4c99');
REPLACE INTO `rvs_template_item_navigator_color` (`template_item_id`, `custom_color_group_id`) VALUES ('30d0729a240809badfd193ddec02ff75', '5');
REPLACE INTO `rvs_template` (`template_id`, `default_template_item_id`, `default_template_item_id2`, `font_id`, `menustyle_id`, `navigator_id`, `default_layout_id`, `sort_priority`, `cdate`) VALUES ('30d0729a240809badfd193ddec02ff75', '30d0729a240809badfd193ddec02ff75', '', '12', '2', '89', 'd656b883a19a29f7a10ef5728e78cdf3', '599', '2053908000');
REPLACE INTO `rvs_menustyle` (`menustyle_id`, `menustyle_description`) VALUES ('2', 'horizontal');
REPLACE INTO `rvs_template_categories_xref` (`template_id`, `rvs_category_id`) VALUES ('30d0729a240809badfd193ddec02ff75', '23');
REPLACE INTO `rvs_template_type_xref` (`template_id`, `template_type_id`) VALUES ('30d0729a240809badfd193ddec02ff75', '10');
REPLACE INTO `rvs_template_type` (`template_type_id`, `template_type_name`) VALUES ('10', 'DIY Template');
REPLACE INTO `rvs_template_import` (`template_id`, `rvs_usr_id`, `private`) VALUES ('30d0729a240809badfd193ddec02ff75', '1e70880edca307199aaa74bb44a80571', '1');
REPLACE INTO `rvs_usr` (`rvs_usr_id`, `user_name`) VALUES ('1e70880edca307199aaa74bb44a80571', 'gfotobr');
