REPLACE INTO `rvs_category` (`rvs_category_id`, `category_name`, `category_sh_name`) VALUES ('23', 'Import Template', 'it');
REPLACE INTO `rvs_charset` (`charset_id`, `charset_name`, `charset_value`, `xml_lang`) VALUES ('36', 'portuguese', 'iso-8859-1', 'pt');
REPLACE INTO `rvs_color` (`color_id`, `color_name`, `color_code`) VALUES ('8', 'Blue', '0000FF');
REPLACE INTO `rvs_color_group` (`color_group_id`, `color_id`) VALUES ('2', '8');
REPLACE INTO `rvs_color_group_name` (`color_group_id`, `default_color_id`) VALUES ('2', '8');
REPLACE INTO `rvs_font` (`font_id`, `font_name`) VALUES ('12', 'Verdana');
REPLACE INTO `rvs_layout_template` (`layout_template_id`, `layout_template_name`, `layout_template_data`, `layout_template_desc`, `layout_template_preview`, `layout_template_head`, `layout_group_id`) VALUES ('9dd12b138426f964f6fd2f38525976f9', 'Gallery style 2', '\n<!-- ####### LAYOUT CSS: MODIFY COLOR, FONT AND BOX SIZE HERE BUT DO NOT DELETE. ####### -->\n<style type=\"text/css\">\r\n\r\ntable { \r\n\r\n	font-size:100%;\r\n\r\n	color:#535353;\r\n\r\n	font-family:Verdana, Arial, Helvetica, sans-serif;\r\n\r\n	} \r\n\r\nbody { \r\n\r\n	font-size:80%;\r\n\r\n	color:#535353;\r\n\r\n	margin:0;\r\n\r\n	padding:0;\r\n\r\n}\r\n\r\n.headerMaroon {\r\n\r\n	color:#710909;\r\n\r\n	background-color:#F7EAEA;\r\n\r\n	font-weight:bold;\r\n\r\n	font-size:110%;\r\n\r\n	padding:3px 0 5px 0;\r\n\r\n}\r\n\r\n.framePic {\r\n\r\n	border:#E0E0E0 1px solid;\r\n\r\n	padding:10px;\r\n\r\n	text-align:center;\r\n\r\n	vertical-align:top;\r\n\r\n	height:117px;\r\n\r\n	width:80px;\r\n\r\n}\r\n\r\n.framePic div.name {\r\n\r\n	color:#4F4D4D;\r\n\r\n	font-weight:bold;\r\n\r\n	padding:5px 0 0px 0px;\r\n\r\n}\r\n\r\n.rightFrame {\r\n\r\n	background-image:url(images/rightFrame.jpg);\r\n\r\n	background-repeat:no-repeat;\r\n\r\n	background-position:top left;\r\n\r\n	width:24%;\r\n\r\n}\r\n\r\n.bottomFrame {\r\n\r\n	background-image:url(images/bottomFrame.jpg);\r\n\r\n	background-repeat:no-repeat;\r\n\r\n	background-position:top right;\r\n\r\n	height:15px;\r\n\r\n}\r\n\r\n.cornerFrame {\r\n\r\n	background-image:url(images/corner.jpg);\r\n\r\n	background-repeat:no-repeat;\r\n\r\n	background-position:top left;\r\n\r\n	height:15px;\r\n\r\n	width:19px;\r\n\r\n}\r\n\r\n.border {\r\n\r\n	border:3px dashed #CCCCCC;\r\n\r\n	padding:6px;\r\n\r\n}\r\n\r\n.border .bg {\r\n\r\n	background-color:#F7EAEA;\r\n\r\n	padding:10px;\r\n\r\n}\r\n\r\n.border .bg .title {\r\n\r\n	color:#710909;\r\n\r\n	background-color:#F7EAEA;\r\n\r\n	font-weight:bold;\r\n\r\n	font-size:100%;\r\n\r\n	padding:3px 0 5px 0;\r\n\r\n}\r\n\r\n.border .bg ul {\r\n\r\n	margin:0;\r\n\r\n	padding:0 0 0 20px;\r\n\r\n}\r\n\r\n.border .bg ul li {\r\n\r\n	padding:3px 10px 2px 0px;\r\n\r\n}\r\n\r\n</style>\n<!-- ########################### END CSS LAYOUT ###########################  -->\n<table width=\"100%\" border=\"0\" cellspacing=\"0\" cellpadding=\"0\">\r\n\r\n	<tr>\r\n\r\n		<td>\r\n\r\n			<div class=\"headerMaroon\">:: Gratuitous octopus niacin ::</div>\r\n\r\n			<div style=\"padding:10px 20px\">\r\n\r\n				<table border=\"0\" cellspacing=\"0\" cellpadding=\"0\" width=\"100%\">\r\n\r\n					<tr>\r\n\r\n						<td class=\"framePic\">\r\n\r\n							<div><img src=\"images/80x80.gif\" alt=\"\" width=\"80\" height=\"80\" /></div>\r\n\r\n							<div class=\"name\">Hic escorol</div>\r\n\r\n							<div>5560021</div>\r\n\r\n						</td>\r\n\r\n						<td class=\"rightFrame\"></td>\r\n\r\n						<td class=\"framePic\">\r\n\r\n							<div><img src=\"images/80x80.gif\" alt=\"\" width=\"80\" height=\"80\" /></div>\r\n\r\n							<div class=\"name\">Hic escorol</div>\r\n\r\n							<div>5560021</div>\r\n\r\n						</td>\r\n\r\n						<td class=\"rightFrame\"></td>\r\n\r\n						<td class=\"framePic\">\r\n\r\n							<div><img src=\"images/80x80.gif\" alt=\"\" width=\"80\" height=\"80\" /></div>\r\n\r\n							<div class=\"name\">hic escorol</div>\r\n\r\n							<div>5560021</div>\r\n\r\n						</td>\r\n\r\n						<td class=\"rightFrame\"></td>\r\n\r\n						<td class=\"framePic\">\r\n\r\n							<div><img src=\"images/80x80.gif\" alt=\"\" width=\"80\" height=\"80\" /></div>\r\n\r\n							<div class=\"name\">hic escorol</div>\r\n\r\n							<div>5560021</div>\r\n\r\n						</td>\r\n\r\n						<td class=\"rightFrame\"></td>\r\n\r\n					</tr>\r\n\r\n					<tr>\r\n\r\n						<td class=\"bottomFrame\"></td>\r\n\r\n						<td class=\"cornerFrame\"></td>\r\n\r\n						<td class=\"bottomFrame\"></td>\r\n\r\n						<td class=\"cornerFrame\"></td>\r\n\r\n						<td class=\"bottomFrame\"></td>\r\n\r\n						<td class=\"cornerFrame\"></td>\r\n\r\n						<td class=\"bottomFrame\"></td>\r\n\r\n						<td class=\"cornerFrame\"></td>\r\n\r\n					</tr>\r\n\r\n					<tr>\r\n\r\n						<td class=\"framePic\">\r\n\r\n							<div><img src=\"images/80x80.gif\" alt=\"\" width=\"80\" height=\"80\" /></div>\r\n\r\n							<div class=\"name\">Hic escorol</div>\r\n\r\n							<div>5560021</div>\r\n\r\n						</td>\r\n\r\n						<td class=\"rightFrame\"></td>\r\n\r\n						<td class=\"framePic\">\r\n\r\n							<div><img src=\"images/80x80.gif\" alt=\"\" width=\"80\" height=\"80\" /></div>\r\n\r\n							<div class=\"name\">Hic escorol</div>\r\n\r\n							<div>5560021</div>\r\n\r\n						</td>\r\n\r\n						<td class=\"rightFrame\"></td>\r\n\r\n						<td class=\"framePic\">\r\n\r\n							<div><img src=\"images/80x80.gif\" alt=\"\" width=\"80\" height=\"80\" /></div>\r\n\r\n							<div class=\"name\">hic escorol</div>\r\n\r\n							<div>5560021</div>\r\n\r\n						</td>\r\n\r\n						<td class=\"rightFrame\"></td>\r\n\r\n						<td class=\"framePic\">\r\n\r\n							<div><img src=\"images/80x80.gif\" alt=\"\" width=\"80\" height=\"80\" /></div>\r\n\r\n							<div class=\"name\">hic escorol</div>\r\n\r\n							<div>5560021</div>\r\n\r\n						</td>\r\n\r\n						<td class=\"rightFrame\"></td>\r\n\r\n					</tr>\r\n\r\n					<tr>\r\n\r\n						<td class=\"bottomFrame\"></td>\r\n\r\n						<td class=\"cornerFrame\"></td>\r\n\r\n						<td class=\"bottomFrame\"></td>\r\n\r\n						<td class=\"cornerFrame\"></td>\r\n\r\n						<td class=\"bottomFrame\"></td>\r\n\r\n						<td class=\"cornerFrame\"></td>\r\n\r\n						<td class=\"bottomFrame\"></td>\r\n\r\n						<td class=\"cornerFrame\"></td>\r\n\r\n					</tr>\r\n\r\n				</table>\r\n\r\n			</div>\r\n\r\n			<div class=\"border\">\r\n\r\n				<div class=\"bg\">\r\n\r\n					<div class=\"title\">Marquee selectus non provisio</div>\r\n\r\n					<div>\r\n\r\n						<ul>\r\n\r\n							<li>Olypian quarrels et gorilla congolium sic ad nauseum.</li>\r\n\r\n							<li>Souvlaki ignitus carborundum e pluribus unum. Defacto lingo est igpay atinlay.</li>\r\n\r\n							<li>Marquee selectus non provisio incongruous feline nolo contendre.</li>\r\n\r\n							<li>Gratuitous octopus niacin, sodium glutimate.</li>\r\n\r\n							<li>Quote meon an estimate et non pro quo hic escorol. Olypian quarrels et gorilla congolium sic ad nauseum.</li>\r\n\r\n						</ul>\r\n\r\n						\r\n\r\n					</div>\r\n\r\n				</div>\r\n\r\n			</div>\r\n\r\n		</td>\r\n\r\n	</tr>\r\n\r\n</table>', '', 'b_layoutGal02.jpg', '', '2');
REPLACE INTO `rvs_layout_group` (`layout_group_id`, `layout_group_name`, `layout_category_id`) VALUES ('2', 'gallery style', '1');
REPLACE INTO `rvs_navigator_name` (`navigator_name_id`, `navigator_name`) VALUES ('9', 'h_tab_middle');
REPLACE INTO `rvs_navigator` (`navigator_id`, `menustyle_id`, `navigator_name_id`) VALUES ('23', '2', '1');
REPLACE INTO `rvs_project_page_out_seggestion` (`project_page_id`, `out_suggestion_id`) VALUES ('b99485dc78c62350da0e93c9789c90ff', '3');
REPLACE INTO `rvs_project_page_out_seggestion` (`project_page_id`, `out_suggestion_id`) VALUES ('57ef754e129cc193e0124a561764ca05', '4');
REPLACE INTO `rvs_project_page_out_seggestion` (`project_page_id`, `out_suggestion_id`) VALUES ('393e750bf04f90d23db34093470bc846', '5');
REPLACE INTO `rvs_project_page_out_seggestion` (`project_page_id`, `out_suggestion_id`) VALUES ('f871cd9c93ba41bfe88b3898575cb48e', '6');
REPLACE INTO `rvs_project_page_out_seggestion` (`project_page_id`, `out_suggestion_id`) VALUES ('0391ea75ca3a7b3da756a772830614e3', '7');
REPLACE INTO `rvs_project_page_out_seggestion` (`project_page_id`, `out_suggestion_id`) VALUES ('f50f998f2cd368a030ad940d5b2af252', '1');
REPLACE INTO `rvs_project_page_out_seggestion` (`project_page_id`, `out_suggestion_id`) VALUES ('9165e8e3be2faefe65cdf4ffea66fe20', '2');
REPLACE INTO `rvs_out_suggestion` (`out_suggestion_id`, `out_suggestion_name`, `description_keylang`) VALUES ('3', 'News & Events', 'our suggestion News & Events description');
REPLACE INTO `rvs_out_suggestion` (`out_suggestion_id`, `out_suggestion_name`, `description_keylang`) VALUES ('4', 'Products', 'our suggestion Products description');
REPLACE INTO `rvs_out_suggestion` (`out_suggestion_id`, `out_suggestion_name`, `description_keylang`) VALUES ('5', 'Services', 'our suggestion Services description');
REPLACE INTO `rvs_out_suggestion` (`out_suggestion_id`, `out_suggestion_name`, `description_keylang`) VALUES ('6', 'Portfolio', 'our suggestion Portfolio description');
REPLACE INTO `rvs_out_suggestion` (`out_suggestion_id`, `out_suggestion_name`, `description_keylang`) VALUES ('7', 'Order', 'our suggestion Order description');
REPLACE INTO `rvs_out_suggestion` (`out_suggestion_id`, `out_suggestion_name`, `description_keylang`) VALUES ('1', 'Home', 'our suggestion Home description');
REPLACE INTO `rvs_out_suggestion` (`out_suggestion_id`, `out_suggestion_name`, `description_keylang`) VALUES ('2', 'About us', 'our suggestion About us description');
REPLACE INTO `rvs_picture` (`picture_id`, `picture_name`) VALUES ('6b746da417530c549a103de1cd6b4c99', 'DiyPicture');
REPLACE INTO `rvs_project` (`project_id`, `project_info_id`, `rvs_usr_id`, `project_name`, `project_directory`, `utf8format`) VALUES ('17b2876bfd6a1a978d02c71b1af9b20c', 'e0bacc123a9587487c9a42dcfc1c37ec', '1e70880edca307199aaa74bb44a80571', 'Unieventos largo 2', '', '1');
REPLACE INTO `rvs_project_info` (`project_info_id`, `template_item_id`, `font_id`, `navigator_id`, `rvs_category_id`, `charset_id`, `project_company`, `project_slogan`, `project_logo`, `project_title`, `project_keyword`, `project_description`, `project_domain`, `check_step`, `effect_site_enter`, `duration_site_enter`, `last_update`, `layout_template_id`, `i_pathway`, `i_mail`, `i_print`, `i_favorite`, `no_slogan`, `no_company_name`, `navigator_name_id`) VALUES ('e0bacc123a9587487c9a42dcfc1c37ec', '80863d2b1fe498b441089403c3733dba', '12', '52deae0e5fed3fb483177ef533a2dd03', '23', '36', 'Unieventos largo', '', 'NOPIC', '', '', '', 'digitalfotoimagem.com.br', '4', NULL, NULL, '1340915220', '9dd12b138426f964f6fd2f38525976f9', '1', '1', '1', '1', '1', '1', '9');
REPLACE INTO `rvs_project_layout_page` (`project_id`, `project_page_id`, `parent_project_page_id`, `priority`) VALUES ('17b2876bfd6a1a978d02c71b1af9b20c', 'b99485dc78c62350da0e93c9789c90ff', '0', '6');
REPLACE INTO `rvs_project_layout_page` (`project_id`, `project_page_id`, `parent_project_page_id`, `priority`) VALUES ('17b2876bfd6a1a978d02c71b1af9b20c', '57ef754e129cc193e0124a561764ca05', '0', '5');
REPLACE INTO `rvs_project_layout_page` (`project_id`, `project_page_id`, `parent_project_page_id`, `priority`) VALUES ('17b2876bfd6a1a978d02c71b1af9b20c', '393e750bf04f90d23db34093470bc846', '0', '4');
REPLACE INTO `rvs_project_layout_page` (`project_id`, `project_page_id`, `parent_project_page_id`, `priority`) VALUES ('17b2876bfd6a1a978d02c71b1af9b20c', 'f871cd9c93ba41bfe88b3898575cb48e', '0', '3');
REPLACE INTO `rvs_project_layout_page` (`project_id`, `project_page_id`, `parent_project_page_id`, `priority`) VALUES ('17b2876bfd6a1a978d02c71b1af9b20c', '0391ea75ca3a7b3da756a772830614e3', '0', '2');
REPLACE INTO `rvs_project_layout_page` (`project_id`, `project_page_id`, `parent_project_page_id`, `priority`) VALUES ('17b2876bfd6a1a978d02c71b1af9b20c', 'f50f998f2cd368a030ad940d5b2af252', '0', '1');
REPLACE INTO `rvs_project_layout_page` (`project_id`, `project_page_id`, `parent_project_page_id`, `priority`) VALUES ('17b2876bfd6a1a978d02c71b1af9b20c', '9165e8e3be2faefe65cdf4ffea66fe20', '0', '7');
REPLACE INTO `rvs_project_page` (`project_page_id`, `rvs_usr_id`, `page_name`, `custom_page_name`, `rvs_component_id`, `page_data`, `page_data_zone_2`, `page_data_zone_3`, `page_data_zone_4`, `colume_width_1`, `colume_width_2`, `colume_width_3`, `rvs_layout_id`, `head`, `page_title`, `meta_keyword`, `meta_description`, `effect_page_enter`, `duration_page_enter`, `meta_page_effect`, `rvs_link_id`, `target`, `form_template_id`, `i_pathway`, `i_mail`, `i_print`, `i_favorite`, `last_modifier`, `link_active`, `page_type`) VALUES ('b99485dc78c62350da0e93c9789c90ff', '1e70880edca307199aaa74bb44a80571', 'Notícias & Eventos', '', '0', '', NULL, NULL, NULL, NULL, NULL, NULL, '5', '', '', '', '', NULL, NULL, '', '', '', '', NULL, NULL, NULL, NULL, NULL, NULL, '');
REPLACE INTO `rvs_project_page` (`project_page_id`, `rvs_usr_id`, `page_name`, `custom_page_name`, `rvs_component_id`, `page_data`, `page_data_zone_2`, `page_data_zone_3`, `page_data_zone_4`, `colume_width_1`, `colume_width_2`, `colume_width_3`, `rvs_layout_id`, `head`, `page_title`, `meta_keyword`, `meta_description`, `effect_page_enter`, `duration_page_enter`, `meta_page_effect`, `rvs_link_id`, `target`, `form_template_id`, `i_pathway`, `i_mail`, `i_print`, `i_favorite`, `last_modifier`, `link_active`, `page_type`) VALUES ('57ef754e129cc193e0124a561764ca05', '1e70880edca307199aaa74bb44a80571', 'Produtos', '', '0', '', NULL, NULL, NULL, NULL, NULL, NULL, '6', '', '', '', '', NULL, NULL, '', '', '', '', NULL, NULL, NULL, NULL, NULL, NULL, '');
REPLACE INTO `rvs_project_page` (`project_page_id`, `rvs_usr_id`, `page_name`, `custom_page_name`, `rvs_component_id`, `page_data`, `page_data_zone_2`, `page_data_zone_3`, `page_data_zone_4`, `colume_width_1`, `colume_width_2`, `colume_width_3`, `rvs_layout_id`, `head`, `page_title`, `meta_keyword`, `meta_description`, `effect_page_enter`, `duration_page_enter`, `meta_page_effect`, `rvs_link_id`, `target`, `form_template_id`, `i_pathway`, `i_mail`, `i_print`, `i_favorite`, `last_modifier`, `link_active`, `page_type`) VALUES ('393e750bf04f90d23db34093470bc846', '1e70880edca307199aaa74bb44a80571', 'Serviços', '', '0', '', NULL, NULL, NULL, NULL, NULL, NULL, '4', '', '', '', '', NULL, NULL, '', '', '', '', NULL, NULL, NULL, NULL, NULL, NULL, '');
REPLACE INTO `rvs_project_page` (`project_page_id`, `rvs_usr_id`, `page_name`, `custom_page_name`, `rvs_component_id`, `page_data`, `page_data_zone_2`, `page_data_zone_3`, `page_data_zone_4`, `colume_width_1`, `colume_width_2`, `colume_width_3`, `rvs_layout_id`, `head`, `page_title`, `meta_keyword`, `meta_description`, `effect_page_enter`, `duration_page_enter`, `meta_page_effect`, `rvs_link_id`, `target`, `form_template_id`, `i_pathway`, `i_mail`, `i_print`, `i_favorite`, `last_modifier`, `link_active`, `page_type`) VALUES ('f871cd9c93ba41bfe88b3898575cb48e', '1e70880edca307199aaa74bb44a80571', 'Portfólio', '', '0', '', NULL, NULL, NULL, NULL, NULL, NULL, '0', '', '', '', '', NULL, NULL, '', '', '', '', NULL, NULL, NULL, NULL, NULL, NULL, '');
REPLACE INTO `rvs_project_page` (`project_page_id`, `rvs_usr_id`, `page_name`, `custom_page_name`, `rvs_component_id`, `page_data`, `page_data_zone_2`, `page_data_zone_3`, `page_data_zone_4`, `colume_width_1`, `colume_width_2`, `colume_width_3`, `rvs_layout_id`, `head`, `page_title`, `meta_keyword`, `meta_description`, `effect_page_enter`, `duration_page_enter`, `meta_page_effect`, `rvs_link_id`, `target`, `form_template_id`, `i_pathway`, `i_mail`, `i_print`, `i_favorite`, `last_modifier`, `link_active`, `page_type`) VALUES ('0391ea75ca3a7b3da756a772830614e3', '1e70880edca307199aaa74bb44a80571', 'Ordem', '', '0', '', NULL, NULL, NULL, NULL, NULL, NULL, '0', '', '', '', '', NULL, NULL, '', '', '', '', NULL, NULL, NULL, NULL, NULL, NULL, '');
REPLACE INTO `rvs_project_page` (`project_page_id`, `rvs_usr_id`, `page_name`, `custom_page_name`, `rvs_component_id`, `page_data`, `page_data_zone_2`, `page_data_zone_3`, `page_data_zone_4`, `colume_width_1`, `colume_width_2`, `colume_width_3`, `rvs_layout_id`, `head`, `page_title`, `meta_keyword`, `meta_description`, `effect_page_enter`, `duration_page_enter`, `meta_page_effect`, `rvs_link_id`, `target`, `form_template_id`, `i_pathway`, `i_mail`, `i_print`, `i_favorite`, `last_modifier`, `link_active`, `page_type`) VALUES ('f50f998f2cd368a030ad940d5b2af252', '1e70880edca307199aaa74bb44a80571', 'Início', '', '0', '', NULL, NULL, NULL, NULL, NULL, NULL, '0', '', '', '', '', NULL, NULL, '', '', '', '', NULL, NULL, NULL, NULL, NULL, NULL, '');
REPLACE INTO `rvs_project_page` (`project_page_id`, `rvs_usr_id`, `page_name`, `custom_page_name`, `rvs_component_id`, `page_data`, `page_data_zone_2`, `page_data_zone_3`, `page_data_zone_4`, `colume_width_1`, `colume_width_2`, `colume_width_3`, `rvs_layout_id`, `head`, `page_title`, `meta_keyword`, `meta_description`, `effect_page_enter`, `duration_page_enter`, `meta_page_effect`, `rvs_link_id`, `target`, `form_template_id`, `i_pathway`, `i_mail`, `i_print`, `i_favorite`, `last_modifier`, `link_active`, `page_type`) VALUES ('9165e8e3be2faefe65cdf4ffea66fe20', '1e70880edca307199aaa74bb44a80571', 'Sobre nós', '', '0', '', NULL, NULL, NULL, NULL, NULL, NULL, '4', '', '', '', '', NULL, NULL, '', '', '', '', NULL, NULL, NULL, NULL, NULL, NULL, '');
REPLACE INTO `rvs_publish` (`project_id`, `rvs_publish_protocal`, `rvs_publish_domain`, `rvs_publish_path`, `rvs_domain_path`) VALUES ('17b2876bfd6a1a978d02c71b1af9b20c', 'http', 'digitalfotoimagem.com.br', '/dou11', '/home/gfotobr/public_html/dou11');
REPLACE INTO `rvs_template_item` (`template_item_id`, `products_id`, `template_id`, `template_item_folder`, `template_type_s_preview`, `color_id`, `picture_id`) VALUES ('80863d2b1fe498b441089403c3733dba', '23-717837-1', '80863d2b1fe498b441089403c3733dba', '23-717837-1_blue_DiyPicture_2', 'gif', '8', '6b746da417530c549a103de1cd6b4c99');
REPLACE INTO `rvs_template_item_navigator_color` (`template_item_id`, `custom_color_group_id`) VALUES ('80863d2b1fe498b441089403c3733dba', '2');
REPLACE INTO `rvs_template` (`template_id`, `default_template_item_id`, `default_template_item_id2`, `font_id`, `menustyle_id`, `navigator_id`, `default_layout_id`, `sort_priority`, `cdate`) VALUES ('80863d2b1fe498b441089403c3733dba', '80863d2b1fe498b441089403c3733dba', '', '12', '2', '23', '76744efe430f0cfc01a4c34d3c93fcd5', '599', '2053908000');
REPLACE INTO `rvs_menustyle` (`menustyle_id`, `menustyle_description`) VALUES ('2', 'horizontal');
REPLACE INTO `rvs_template_categories_xref` (`template_id`, `rvs_category_id`) VALUES ('80863d2b1fe498b441089403c3733dba', '23');
REPLACE INTO `rvs_template_type_xref` (`template_id`, `template_type_id`) VALUES ('80863d2b1fe498b441089403c3733dba', '10');
REPLACE INTO `rvs_template_type` (`template_type_id`, `template_type_name`) VALUES ('10', 'DIY Template');
REPLACE INTO `rvs_template_import` (`template_id`, `rvs_usr_id`, `private`) VALUES ('80863d2b1fe498b441089403c3733dba', '1e70880edca307199aaa74bb44a80571', '1');
REPLACE INTO `rvs_usr` (`rvs_usr_id`, `user_name`) VALUES ('1e70880edca307199aaa74bb44a80571', 'gfotobr');
