REPLACE INTO `rvs_category` (`rvs_category_id`, `category_name`, `category_sh_name`) VALUES ('23', 'Import Template', 'it');
REPLACE INTO `rvs_charset` (`charset_id`, `charset_name`, `charset_value`, `xml_lang`) VALUES ('36', 'portuguese', 'iso-8859-1', 'pt');
REPLACE INTO `rvs_color` (`color_id`, `color_name`, `color_code`) VALUES ('30', 'Beige', 'F5F5DC');
REPLACE INTO `rvs_color_group` (`color_group_id`, `color_id`) VALUES ('5', '30');
REPLACE INTO `rvs_color_group_name` (`color_group_id`, `default_color_id`) VALUES ('5', '30');
REPLACE INTO `rvs_component` (`rvs_component_id`, `component_name`, `rvs_owner_usr_id`, `use_wysiwyg`) VALUES ('3694c8ee2bdd9d1bc1a2d2c45b2a7913', 'Online_Form', '84a1418dc13ada1fa6e10216f6236695', '1');
REPLACE INTO `rvs_component_config` (`rvs_component_id`, `component_config`, `component_value`) VALUES ('3694c8ee2bdd9d1bc1a2d2c45b2a7913', 'active', '1');
REPLACE INTO `rvs_component_config` (`rvs_component_id`, `component_config`, `component_value`) VALUES ('3694c8ee2bdd9d1bc1a2d2c45b2a7913', 'isResellerConfig', '1');
REPLACE INTO `rvs_font` (`font_id`, `font_name`) VALUES ('12', 'Verdana');
REPLACE INTO `rvs_layout_template` (`layout_template_id`, `layout_template_name`, `layout_template_data`, `layout_template_desc`, `layout_template_preview`, `layout_template_head`, `layout_group_id`) VALUES ('9dd12b138426f964f6fd2f38525976f9', 'Gallery style 2', '\n<!-- ####### LAYOUT CSS: MODIFY COLOR, FONT AND BOX SIZE HERE BUT DO NOT DELETE. ####### -->\n<style type=\"text/css\">\r\n\r\ntable { \r\n\r\n	font-size:100%;\r\n\r\n	color:#535353;\r\n\r\n	font-family:Verdana, Arial, Helvetica, sans-serif;\r\n\r\n	} \r\n\r\nbody { \r\n\r\n	font-size:80%;\r\n\r\n	color:#535353;\r\n\r\n	margin:0;\r\n\r\n	padding:0;\r\n\r\n}\r\n\r\n.headerMaroon {\r\n\r\n	color:#710909;\r\n\r\n	background-color:#F7EAEA;\r\n\r\n	font-weight:bold;\r\n\r\n	font-size:110%;\r\n\r\n	padding:3px 0 5px 0;\r\n\r\n}\r\n\r\n.framePic {\r\n\r\n	border:#E0E0E0 1px solid;\r\n\r\n	padding:10px;\r\n\r\n	text-align:center;\r\n\r\n	vertical-align:top;\r\n\r\n	height:117px;\r\n\r\n	width:80px;\r\n\r\n}\r\n\r\n.framePic div.name {\r\n\r\n	color:#4F4D4D;\r\n\r\n	font-weight:bold;\r\n\r\n	padding:5px 0 0px 0px;\r\n\r\n}\r\n\r\n.rightFrame {\r\n\r\n	background-image:url(images/rightFrame.jpg);\r\n\r\n	background-repeat:no-repeat;\r\n\r\n	background-position:top left;\r\n\r\n	width:24%;\r\n\r\n}\r\n\r\n.bottomFrame {\r\n\r\n	background-image:url(images/bottomFrame.jpg);\r\n\r\n	background-repeat:no-repeat;\r\n\r\n	background-position:top right;\r\n\r\n	height:15px;\r\n\r\n}\r\n\r\n.cornerFrame {\r\n\r\n	background-image:url(images/corner.jpg);\r\n\r\n	background-repeat:no-repeat;\r\n\r\n	background-position:top left;\r\n\r\n	height:15px;\r\n\r\n	width:19px;\r\n\r\n}\r\n\r\n.border {\r\n\r\n	border:3px dashed #CCCCCC;\r\n\r\n	padding:6px;\r\n\r\n}\r\n\r\n.border .bg {\r\n\r\n	background-color:#F7EAEA;\r\n\r\n	padding:10px;\r\n\r\n}\r\n\r\n.border .bg .title {\r\n\r\n	color:#710909;\r\n\r\n	background-color:#F7EAEA;\r\n\r\n	font-weight:bold;\r\n\r\n	font-size:100%;\r\n\r\n	padding:3px 0 5px 0;\r\n\r\n}\r\n\r\n.border .bg ul {\r\n\r\n	margin:0;\r\n\r\n	padding:0 0 0 20px;\r\n\r\n}\r\n\r\n.border .bg ul li {\r\n\r\n	padding:3px 10px 2px 0px;\r\n\r\n}\r\n\r\n</style>\n<!-- ########################### END CSS LAYOUT ###########################  -->\n<table width=\"100%\" border=\"0\" cellspacing=\"0\" cellpadding=\"0\">\r\n\r\n	<tr>\r\n\r\n		<td>\r\n\r\n			<div class=\"headerMaroon\">:: Gratuitous octopus niacin ::</div>\r\n\r\n			<div style=\"padding:10px 20px\">\r\n\r\n				<table border=\"0\" cellspacing=\"0\" cellpadding=\"0\" width=\"100%\">\r\n\r\n					<tr>\r\n\r\n						<td class=\"framePic\">\r\n\r\n							<div><img src=\"images/80x80.gif\" alt=\"\" width=\"80\" height=\"80\" /></div>\r\n\r\n							<div class=\"name\">Hic escorol</div>\r\n\r\n							<div>5560021</div>\r\n\r\n						</td>\r\n\r\n						<td class=\"rightFrame\"></td>\r\n\r\n						<td class=\"framePic\">\r\n\r\n							<div><img src=\"images/80x80.gif\" alt=\"\" width=\"80\" height=\"80\" /></div>\r\n\r\n							<div class=\"name\">Hic escorol</div>\r\n\r\n							<div>5560021</div>\r\n\r\n						</td>\r\n\r\n						<td class=\"rightFrame\"></td>\r\n\r\n						<td class=\"framePic\">\r\n\r\n							<div><img src=\"images/80x80.gif\" alt=\"\" width=\"80\" height=\"80\" /></div>\r\n\r\n							<div class=\"name\">hic escorol</div>\r\n\r\n							<div>5560021</div>\r\n\r\n						</td>\r\n\r\n						<td class=\"rightFrame\"></td>\r\n\r\n						<td class=\"framePic\">\r\n\r\n							<div><img src=\"images/80x80.gif\" alt=\"\" width=\"80\" height=\"80\" /></div>\r\n\r\n							<div class=\"name\">hic escorol</div>\r\n\r\n							<div>5560021</div>\r\n\r\n						</td>\r\n\r\n						<td class=\"rightFrame\"></td>\r\n\r\n					</tr>\r\n\r\n					<tr>\r\n\r\n						<td class=\"bottomFrame\"></td>\r\n\r\n						<td class=\"cornerFrame\"></td>\r\n\r\n						<td class=\"bottomFrame\"></td>\r\n\r\n						<td class=\"cornerFrame\"></td>\r\n\r\n						<td class=\"bottomFrame\"></td>\r\n\r\n						<td class=\"cornerFrame\"></td>\r\n\r\n						<td class=\"bottomFrame\"></td>\r\n\r\n						<td class=\"cornerFrame\"></td>\r\n\r\n					</tr>\r\n\r\n					<tr>\r\n\r\n						<td class=\"framePic\">\r\n\r\n							<div><img src=\"images/80x80.gif\" alt=\"\" width=\"80\" height=\"80\" /></div>\r\n\r\n							<div class=\"name\">Hic escorol</div>\r\n\r\n							<div>5560021</div>\r\n\r\n						</td>\r\n\r\n						<td class=\"rightFrame\"></td>\r\n\r\n						<td class=\"framePic\">\r\n\r\n							<div><img src=\"images/80x80.gif\" alt=\"\" width=\"80\" height=\"80\" /></div>\r\n\r\n							<div class=\"name\">Hic escorol</div>\r\n\r\n							<div>5560021</div>\r\n\r\n						</td>\r\n\r\n						<td class=\"rightFrame\"></td>\r\n\r\n						<td class=\"framePic\">\r\n\r\n							<div><img src=\"images/80x80.gif\" alt=\"\" width=\"80\" height=\"80\" /></div>\r\n\r\n							<div class=\"name\">hic escorol</div>\r\n\r\n							<div>5560021</div>\r\n\r\n						</td>\r\n\r\n						<td class=\"rightFrame\"></td>\r\n\r\n						<td class=\"framePic\">\r\n\r\n							<div><img src=\"images/80x80.gif\" alt=\"\" width=\"80\" height=\"80\" /></div>\r\n\r\n							<div class=\"name\">hic escorol</div>\r\n\r\n							<div>5560021</div>\r\n\r\n						</td>\r\n\r\n						<td class=\"rightFrame\"></td>\r\n\r\n					</tr>\r\n\r\n					<tr>\r\n\r\n						<td class=\"bottomFrame\"></td>\r\n\r\n						<td class=\"cornerFrame\"></td>\r\n\r\n						<td class=\"bottomFrame\"></td>\r\n\r\n						<td class=\"cornerFrame\"></td>\r\n\r\n						<td class=\"bottomFrame\"></td>\r\n\r\n						<td class=\"cornerFrame\"></td>\r\n\r\n						<td class=\"bottomFrame\"></td>\r\n\r\n						<td class=\"cornerFrame\"></td>\r\n\r\n					</tr>\r\n\r\n				</table>\r\n\r\n			</div>\r\n\r\n			<div class=\"border\">\r\n\r\n				<div class=\"bg\">\r\n\r\n					<div class=\"title\">Marquee selectus non provisio</div>\r\n\r\n					<div>\r\n\r\n						<ul>\r\n\r\n							<li>Olypian quarrels et gorilla congolium sic ad nauseum.</li>\r\n\r\n							<li>Souvlaki ignitus carborundum e pluribus unum. Defacto lingo est igpay atinlay.</li>\r\n\r\n							<li>Marquee selectus non provisio incongruous feline nolo contendre.</li>\r\n\r\n							<li>Gratuitous octopus niacin, sodium glutimate.</li>\r\n\r\n							<li>Quote meon an estimate et non pro quo hic escorol. Olypian quarrels et gorilla congolium sic ad nauseum.</li>\r\n\r\n						</ul>\r\n\r\n						\r\n\r\n					</div>\r\n\r\n				</div>\r\n\r\n			</div>\r\n\r\n		</td>\r\n\r\n	</tr>\r\n\r\n</table>', '', 'b_layoutGal02.jpg', '', '2');
REPLACE INTO `rvs_layout_group` (`layout_group_id`, `layout_group_name`, `layout_category_id`) VALUES ('2', 'gallery style', '1');
REPLACE INTO `rvs_navigator_name` (`navigator_name_id`, `navigator_name`) VALUES ('10', 'h_tramline');
REPLACE INTO `rvs_navigator` (`navigator_id`, `menustyle_id`, `navigator_name_id`) VALUES ('97', '2', '9');
REPLACE INTO `forms` (`id`, `username`, `title`, `height`, `status`) VALUES ('69fe4690bfa6f766bb90099f3943c56d', '915c992228b9e91921e28fe100a19385', 'contact us', '40', 'Enabled');
REPLACE INTO `questions` (`form_id`, `id`, `order`, `type`) VALUES ('69fe4690bfa6f766bb90099f3943c56d', '0', '1', 'control_textbox');
REPLACE INTO `questions` (`form_id`, `id`, `order`, `type`) VALUES ('69fe4690bfa6f766bb90099f3943c56d', '1', '2', 'control_textbox');
REPLACE INTO `questions` (`form_id`, `id`, `order`, `type`) VALUES ('69fe4690bfa6f766bb90099f3943c56d', '2', '3', 'control_textbox');
REPLACE INTO `questions` (`form_id`, `id`, `order`, `type`) VALUES ('69fe4690bfa6f766bb90099f3943c56d', '7', '5', 'control_textarea');
REPLACE INTO `questions` (`form_id`, `id`, `order`, `type`) VALUES ('69fe4690bfa6f766bb90099f3943c56d', '8', '6', 'control_button');
REPLACE INTO `questions` (`form_id`, `id`, `order`, `type`) VALUES ('69fe4690bfa6f766bb90099f3943c56d', '12', '4', 'control_textbox');
REPLACE INTO `question_properties` (`form_id`, `question_id`, `prop`, `value`) VALUES ('69fe4690bfa6f766bb90099f3943c56d', '0', 'desc', '');
REPLACE INTO `question_properties` (`form_id`, `question_id`, `prop`, `value`) VALUES ('69fe4690bfa6f766bb90099f3943c56d', '0', 'maxsize', '100');
REPLACE INTO `question_properties` (`form_id`, `question_id`, `prop`, `value`) VALUES ('69fe4690bfa6f766bb90099f3943c56d', '0', 'required', 'yes');
REPLACE INTO `question_properties` (`form_id`, `question_id`, `prop`, `value`) VALUES ('69fe4690bfa6f766bb90099f3943c56d', '0', 'size', '20');
REPLACE INTO `question_properties` (`form_id`, `question_id`, `prop`, `value`) VALUES ('69fe4690bfa6f766bb90099f3943c56d', '0', 'text', 'First Name');
REPLACE INTO `question_properties` (`form_id`, `question_id`, `prop`, `value`) VALUES ('69fe4690bfa6f766bb90099f3943c56d', '0', 'validation', 'no');
REPLACE INTO `question_properties` (`form_id`, `question_id`, `prop`, `value`) VALUES ('69fe4690bfa6f766bb90099f3943c56d', '1', 'desc', '');
REPLACE INTO `question_properties` (`form_id`, `question_id`, `prop`, `value`) VALUES ('69fe4690bfa6f766bb90099f3943c56d', '1', 'maxsize', '100');
REPLACE INTO `question_properties` (`form_id`, `question_id`, `prop`, `value`) VALUES ('69fe4690bfa6f766bb90099f3943c56d', '1', 'required', 'yes');
REPLACE INTO `question_properties` (`form_id`, `question_id`, `prop`, `value`) VALUES ('69fe4690bfa6f766bb90099f3943c56d', '1', 'size', '20');
REPLACE INTO `question_properties` (`form_id`, `question_id`, `prop`, `value`) VALUES ('69fe4690bfa6f766bb90099f3943c56d', '1', 'text', 'Last Name');
REPLACE INTO `question_properties` (`form_id`, `question_id`, `prop`, `value`) VALUES ('69fe4690bfa6f766bb90099f3943c56d', '1', 'validation', 'no');
REPLACE INTO `question_properties` (`form_id`, `question_id`, `prop`, `value`) VALUES ('69fe4690bfa6f766bb90099f3943c56d', '2', 'desc', '');
REPLACE INTO `question_properties` (`form_id`, `question_id`, `prop`, `value`) VALUES ('69fe4690bfa6f766bb90099f3943c56d', '2', 'maxsize', '100');
REPLACE INTO `question_properties` (`form_id`, `question_id`, `prop`, `value`) VALUES ('69fe4690bfa6f766bb90099f3943c56d', '2', 'required', 'yes');
REPLACE INTO `question_properties` (`form_id`, `question_id`, `prop`, `value`) VALUES ('69fe4690bfa6f766bb90099f3943c56d', '2', 'size', '20');
REPLACE INTO `question_properties` (`form_id`, `question_id`, `prop`, `value`) VALUES ('69fe4690bfa6f766bb90099f3943c56d', '2', 'text', 'E-mail');
REPLACE INTO `question_properties` (`form_id`, `question_id`, `prop`, `value`) VALUES ('69fe4690bfa6f766bb90099f3943c56d', '2', 'validation', 'Email');
REPLACE INTO `question_properties` (`form_id`, `question_id`, `prop`, `value`) VALUES ('69fe4690bfa6f766bb90099f3943c56d', '7', 'cols', '35');
REPLACE INTO `question_properties` (`form_id`, `question_id`, `prop`, `value`) VALUES ('69fe4690bfa6f766bb90099f3943c56d', '7', 'desc', '');
REPLACE INTO `question_properties` (`form_id`, `question_id`, `prop`, `value`) VALUES ('69fe4690bfa6f766bb90099f3943c56d', '7', 'required', 'yes');
REPLACE INTO `question_properties` (`form_id`, `question_id`, `prop`, `value`) VALUES ('69fe4690bfa6f766bb90099f3943c56d', '7', 'rows', '10');
REPLACE INTO `question_properties` (`form_id`, `question_id`, `prop`, `value`) VALUES ('69fe4690bfa6f766bb90099f3943c56d', '7', 'text', 'Your Message');
REPLACE INTO `question_properties` (`form_id`, `question_id`, `prop`, `value`) VALUES ('69fe4690bfa6f766bb90099f3943c56d', '7', 'validation', 'no');
REPLACE INTO `question_properties` (`form_id`, `question_id`, `prop`, `value`) VALUES ('69fe4690bfa6f766bb90099f3943c56d', '8', 'clear', 'no');
REPLACE INTO `question_properties` (`form_id`, `question_id`, `prop`, `value`) VALUES ('69fe4690bfa6f766bb90099f3943c56d', '8', 'submittext', 'Submit');
REPLACE INTO `question_properties` (`form_id`, `question_id`, `prop`, `value`) VALUES ('69fe4690bfa6f766bb90099f3943c56d', '8', 'text', '');
REPLACE INTO `question_properties` (`form_id`, `question_id`, `prop`, `value`) VALUES ('69fe4690bfa6f766bb90099f3943c56d', '12', 'desc', '');
REPLACE INTO `question_properties` (`form_id`, `question_id`, `prop`, `value`) VALUES ('69fe4690bfa6f766bb90099f3943c56d', '12', 'maxsize', '100');
REPLACE INTO `question_properties` (`form_id`, `question_id`, `prop`, `value`) VALUES ('69fe4690bfa6f766bb90099f3943c56d', '12', 'required', 'no');
REPLACE INTO `question_properties` (`form_id`, `question_id`, `prop`, `value`) VALUES ('69fe4690bfa6f766bb90099f3943c56d', '12', 'size', '20');
REPLACE INTO `question_properties` (`form_id`, `question_id`, `prop`, `value`) VALUES ('69fe4690bfa6f766bb90099f3943c56d', '12', 'text', 'Phone');
REPLACE INTO `question_properties` (`form_id`, `question_id`, `prop`, `value`) VALUES ('69fe4690bfa6f766bb90099f3943c56d', '12', 'validation', 'no');
REPLACE INTO `question_properties` (`form_id`, `question_id`, `prop`, `value`) VALUES ('69fe4690bfa6f766bb90099f3943c56d', '999', 'alignment', 'default');
REPLACE INTO `question_properties` (`form_id`, `question_id`, `prop`, `value`) VALUES ('69fe4690bfa6f766bb90099f3943c56d', '999', 'background', 'white');
REPLACE INTO `question_properties` (`form_id`, `question_id`, `prop`, `value`) VALUES ('69fe4690bfa6f766bb90099f3943c56d', '999', 'conf_body', 'Thanks for submitting our form, we will get back to you as soon as possible.');
REPLACE INTO `question_properties` (`form_id`, `question_id`, `prop`, `value`) VALUES ('69fe4690bfa6f766bb90099f3943c56d', '999', 'conf_send', 'no');
REPLACE INTO `question_properties` (`form_id`, `question_id`, `prop`, `value`) VALUES ('69fe4690bfa6f766bb90099f3943c56d', '999', 'conf_subj', 'Submission Received');
REPLACE INTO `question_properties` (`form_id`, `question_id`, `prop`, `value`) VALUES ('69fe4690bfa6f766bb90099f3943c56d', '999', 'disabled', 'Enabled');
REPLACE INTO `question_properties` (`form_id`, `question_id`, `prop`, `value`) VALUES ('69fe4690bfa6f766bb90099f3943c56d', '999', 'email', 'yes');
REPLACE INTO `question_properties` (`form_id`, `question_id`, `prop`, `value`) VALUES ('69fe4690bfa6f766bb90099f3943c56d', '999', 'font', 'Verdana');
REPLACE INTO `question_properties` (`form_id`, `question_id`, `prop`, `value`) VALUES ('69fe4690bfa6f766bb90099f3943c56d', '999', 'fontcolor', 'black');
REPLACE INTO `question_properties` (`form_id`, `question_id`, `prop`, `value`) VALUES ('69fe4690bfa6f766bb90099f3943c56d', '999', 'fontsize', '12');
REPLACE INTO `question_properties` (`form_id`, `question_id`, `prop`, `value`) VALUES ('69fe4690bfa6f766bb90099f3943c56d', '999', 'not_subj', 'New Submission: {qForm Title}');
REPLACE INTO `question_properties` (`form_id`, `question_id`, `prop`, `value`) VALUES ('69fe4690bfa6f766bb90099f3943c56d', '999', 'sendpostdata', 'no');
REPLACE INTO `question_properties` (`form_id`, `question_id`, `prop`, `value`) VALUES ('69fe4690bfa6f766bb90099f3943c56d', '999', 'spamcheck', 'Enabled');
REPLACE INTO `question_properties` (`form_id`, `question_id`, `prop`, `value`) VALUES ('69fe4690bfa6f766bb90099f3943c56d', '999', 'theme', 'Default');
REPLACE INTO `question_utf8` (`form_id`, `utf8format`) VALUES ('69fe4690bfa6f766bb90099f3943c56d', '1');
REPLACE INTO `rvs_project_page_out_seggestion` (`project_page_id`, `out_suggestion_id`) VALUES ('c401d39b29fa652150161399575b41f1', '6');
REPLACE INTO `rvs_project_page_out_seggestion` (`project_page_id`, `out_suggestion_id`) VALUES ('114ad5d51c90eccfc35add5ee844a3c3', '16');
REPLACE INTO `rvs_project_page_out_seggestion` (`project_page_id`, `out_suggestion_id`) VALUES ('043b5bc70e859e3059fbcc1aa39385dc', '1');
REPLACE INTO `rvs_project_page_out_seggestion` (`project_page_id`, `out_suggestion_id`) VALUES ('889e70fe17938a39ae0d2a172b5650ed', '15');
REPLACE INTO `rvs_project_page_out_seggestion` (`project_page_id`, `out_suggestion_id`) VALUES ('24bfcd8dde281a3e593cc9eab25723c6', '9');
REPLACE INTO `rvs_out_suggestion` (`out_suggestion_id`, `out_suggestion_name`, `description_keylang`) VALUES ('6', 'Portfolio', 'our suggestion Portfolio description');
REPLACE INTO `rvs_out_suggestion` (`out_suggestion_id`, `out_suggestion_name`, `description_keylang`) VALUES ('16', 'Location', 'our suggestion Location description');
REPLACE INTO `rvs_out_suggestion` (`out_suggestion_id`, `out_suggestion_name`, `description_keylang`) VALUES ('1', 'Home', 'our suggestion Home description');
REPLACE INTO `rvs_out_suggestion` (`out_suggestion_id`, `out_suggestion_name`, `description_keylang`) VALUES ('15', 'Support', 'our suggestion Support description');
REPLACE INTO `rvs_out_suggestion` (`out_suggestion_id`, `out_suggestion_name`, `description_keylang`) VALUES ('9', 'Contact Us@@Online_Form', 'our suggestion Contact Us description');
REPLACE INTO `rvs_picture` (`picture_id`, `picture_name`) VALUES ('6b746da417530c549a103de1cd6b4c99', 'DiyPicture');
REPLACE INTO `rvs_project` (`project_id`, `project_info_id`, `rvs_usr_id`, `project_name`, `project_directory`, `utf8format`) VALUES ('915c992228b9e91921e28fe100a19385', 'ced51e6f840b6bce8ff6c789574c77a7', '1e70880edca307199aaa74bb44a80571', 'Infinito 2', '', '1');
REPLACE INTO `rvs_project_info` (`project_info_id`, `template_item_id`, `font_id`, `navigator_id`, `rvs_category_id`, `charset_id`, `project_company`, `project_slogan`, `project_logo`, `project_title`, `project_keyword`, `project_description`, `project_domain`, `check_step`, `effect_site_enter`, `duration_site_enter`, `last_update`, `layout_template_id`, `i_pathway`, `i_mail`, `i_print`, `i_favorite`, `no_slogan`, `no_company_name`, `navigator_name_id`) VALUES ('ced51e6f840b6bce8ff6c789574c77a7', 'ba7f95f8e9008deebddc99a9a94af3ce', '12', 'f7d62f742057df74ed6e6fb6e07cec98', '23', '36', 'Infinito 2', '', 'NOPIC', 'Infinito', '', '', 'digitalfotoimagem.com.br', '4', NULL, NULL, '1340746023', '9dd12b138426f964f6fd2f38525976f9', '1', '1', '1', '1', '1', '1', '10');
REPLACE INTO `rvs_project_layout_page` (`project_id`, `project_page_id`, `parent_project_page_id`, `priority`) VALUES ('915c992228b9e91921e28fe100a19385', 'c401d39b29fa652150161399575b41f1', '0', '3');
REPLACE INTO `rvs_project_layout_page` (`project_id`, `project_page_id`, `parent_project_page_id`, `priority`) VALUES ('915c992228b9e91921e28fe100a19385', '114ad5d51c90eccfc35add5ee844a3c3', '0', '2');
REPLACE INTO `rvs_project_layout_page` (`project_id`, `project_page_id`, `parent_project_page_id`, `priority`) VALUES ('915c992228b9e91921e28fe100a19385', '043b5bc70e859e3059fbcc1aa39385dc', '0', '1');
REPLACE INTO `rvs_project_layout_page` (`project_id`, `project_page_id`, `parent_project_page_id`, `priority`) VALUES ('915c992228b9e91921e28fe100a19385', '889e70fe17938a39ae0d2a172b5650ed', '0', '5');
REPLACE INTO `rvs_project_layout_page` (`project_id`, `project_page_id`, `parent_project_page_id`, `priority`) VALUES ('915c992228b9e91921e28fe100a19385', '24bfcd8dde281a3e593cc9eab25723c6', '0', '4');
REPLACE INTO `rvs_project_page` (`project_page_id`, `rvs_usr_id`, `page_name`, `custom_page_name`, `rvs_component_id`, `page_data`, `page_data_zone_2`, `page_data_zone_3`, `page_data_zone_4`, `colume_width_1`, `colume_width_2`, `colume_width_3`, `rvs_layout_id`, `head`, `page_title`, `meta_keyword`, `meta_description`, `effect_page_enter`, `duration_page_enter`, `meta_page_effect`, `rvs_link_id`, `target`, `form_template_id`, `i_pathway`, `i_mail`, `i_print`, `i_favorite`, `last_modifier`, `link_active`, `page_type`) VALUES ('c401d39b29fa652150161399575b41f1', '1e70880edca307199aaa74bb44a80571', 'Portfólio', '', '0', '', NULL, NULL, NULL, NULL, NULL, NULL, '0', '', '', '', '', NULL, NULL, '', '', '', '', NULL, NULL, NULL, NULL, NULL, NULL, '');
REPLACE INTO `rvs_project_page` (`project_page_id`, `rvs_usr_id`, `page_name`, `custom_page_name`, `rvs_component_id`, `page_data`, `page_data_zone_2`, `page_data_zone_3`, `page_data_zone_4`, `colume_width_1`, `colume_width_2`, `colume_width_3`, `rvs_layout_id`, `head`, `page_title`, `meta_keyword`, `meta_description`, `effect_page_enter`, `duration_page_enter`, `meta_page_effect`, `rvs_link_id`, `target`, `form_template_id`, `i_pathway`, `i_mail`, `i_print`, `i_favorite`, `last_modifier`, `link_active`, `page_type`) VALUES ('114ad5d51c90eccfc35add5ee844a3c3', '1e70880edca307199aaa74bb44a80571', 'Localização', '', '0', '', NULL, NULL, NULL, NULL, NULL, NULL, '1', '', '', '', '', NULL, NULL, '', '', '', '', NULL, NULL, NULL, NULL, NULL, NULL, '');
REPLACE INTO `rvs_project_page` (`project_page_id`, `rvs_usr_id`, `page_name`, `custom_page_name`, `rvs_component_id`, `page_data`, `page_data_zone_2`, `page_data_zone_3`, `page_data_zone_4`, `colume_width_1`, `colume_width_2`, `colume_width_3`, `rvs_layout_id`, `head`, `page_title`, `meta_keyword`, `meta_description`, `effect_page_enter`, `duration_page_enter`, `meta_page_effect`, `rvs_link_id`, `target`, `form_template_id`, `i_pathway`, `i_mail`, `i_print`, `i_favorite`, `last_modifier`, `link_active`, `page_type`) VALUES ('043b5bc70e859e3059fbcc1aa39385dc', '1e70880edca307199aaa74bb44a80571', 'Início', '', '0', '', NULL, NULL, NULL, NULL, NULL, NULL, '0', '', '', '', '', NULL, NULL, '', '', '', '', NULL, NULL, NULL, NULL, NULL, NULL, '');
REPLACE INTO `rvs_project_page` (`project_page_id`, `rvs_usr_id`, `page_name`, `custom_page_name`, `rvs_component_id`, `page_data`, `page_data_zone_2`, `page_data_zone_3`, `page_data_zone_4`, `colume_width_1`, `colume_width_2`, `colume_width_3`, `rvs_layout_id`, `head`, `page_title`, `meta_keyword`, `meta_description`, `effect_page_enter`, `duration_page_enter`, `meta_page_effect`, `rvs_link_id`, `target`, `form_template_id`, `i_pathway`, `i_mail`, `i_print`, `i_favorite`, `last_modifier`, `link_active`, `page_type`) VALUES ('889e70fe17938a39ae0d2a172b5650ed', '1e70880edca307199aaa74bb44a80571', 'Suporte', '', '0', '', NULL, NULL, NULL, NULL, NULL, NULL, '8', '', '', '', '', NULL, NULL, '', '', '', '', NULL, NULL, NULL, NULL, NULL, NULL, '');
REPLACE INTO `rvs_project_page` (`project_page_id`, `rvs_usr_id`, `page_name`, `custom_page_name`, `rvs_component_id`, `page_data`, `page_data_zone_2`, `page_data_zone_3`, `page_data_zone_4`, `colume_width_1`, `colume_width_2`, `colume_width_3`, `rvs_layout_id`, `head`, `page_title`, `meta_keyword`, `meta_description`, `effect_page_enter`, `duration_page_enter`, `meta_page_effect`, `rvs_link_id`, `target`, `form_template_id`, `i_pathway`, `i_mail`, `i_print`, `i_favorite`, `last_modifier`, `link_active`, `page_type`) VALUES ('24bfcd8dde281a3e593cc9eab25723c6', '1e70880edca307199aaa74bb44a80571', 'Contate-nos', '', '3694c8ee2bdd9d1bc1a2d2c45b2a7913', '<img alt=\"\" class=\"jotForm\" id=\"DragAndDropForm_69fe4690bfa6f766bb90099f3943c56d\" name=\"DragAndDropForm_69fe4690bfa6f766bb90099f3943c56d\" src=\"/3rdparty/rvsitebuilder/themes/default/sitebuilder/images/spacer.gif\" frmid=\"69fe4690bfa6f766bb90099f3943c56d\" formtype=\"jotform\" height=\"600\" width=\"600\" align=\"center\" border=\"1\" /><br/>', NULL, NULL, NULL, NULL, NULL, NULL, '0', '', '', '', '', NULL, NULL, '', '', '', '', NULL, NULL, NULL, NULL, NULL, NULL, '');
REPLACE INTO `rvs_publish` (`project_id`, `rvs_publish_protocal`, `rvs_publish_domain`, `rvs_publish_path`, `rvs_domain_path`) VALUES ('915c992228b9e91921e28fe100a19385', 'http', 'digitalfotoimagem.com.br', '/dou9', '');
REPLACE INTO `rvs_template_item` (`template_item_id`, `products_id`, `template_id`, `template_item_folder`, `template_type_s_preview`, `color_id`, `picture_id`) VALUES ('ba7f95f8e9008deebddc99a9a94af3ce', '23-975791-1', 'ba7f95f8e9008deebddc99a9a94af3ce', '23-975791-1_maroon_DiyPicture_2', 'gif', '30', '6b746da417530c549a103de1cd6b4c99');
REPLACE INTO `rvs_template_item_navigator_color` (`template_item_id`, `custom_color_group_id`) VALUES ('ba7f95f8e9008deebddc99a9a94af3ce', '5');
REPLACE INTO `rvs_template` (`template_id`, `default_template_item_id`, `default_template_item_id2`, `font_id`, `menustyle_id`, `navigator_id`, `default_layout_id`, `sort_priority`, `cdate`) VALUES ('ba7f95f8e9008deebddc99a9a94af3ce', 'ba7f95f8e9008deebddc99a9a94af3ce', '', '12', '2', '97', '80aafd719a9709f99c9e2e64973317c4', '599', '2053908000');
REPLACE INTO `rvs_menustyle` (`menustyle_id`, `menustyle_description`) VALUES ('2', 'horizontal');
REPLACE INTO `rvs_template_categories_xref` (`template_id`, `rvs_category_id`) VALUES ('ba7f95f8e9008deebddc99a9a94af3ce', '23');
REPLACE INTO `rvs_template_type_xref` (`template_id`, `template_type_id`) VALUES ('ba7f95f8e9008deebddc99a9a94af3ce', '10');
REPLACE INTO `rvs_template_type` (`template_type_id`, `template_type_name`) VALUES ('10', 'DIY Template');
REPLACE INTO `rvs_template_import` (`template_id`, `rvs_usr_id`, `private`) VALUES ('ba7f95f8e9008deebddc99a9a94af3ce', '1e70880edca307199aaa74bb44a80571', '1');
REPLACE INTO `rvs_usr` (`rvs_usr_id`, `user_name`) VALUES ('1e70880edca307199aaa74bb44a80571', 'gfotobr');
